tweet_id,analysis_text,historical_reply,human_intent,human_reply_quality,human_action,human_notes,intent,similarity_score,decision,reason,final_reply,evidence_reply,evidence_tweet_id
281979,Your product wich is in pic looks diffrent nd we receve is diffrent and also a color we cannt cancle this bcz i m live in dakor gujarat,@183175 Apologies for the inconvenience. Request you to get in touch with our support team here : https://t.co/TdDksLo6Mf.^SK,product_issue,Acceptable,ESCALATE,Product received differs from pictured product,product_issue,0.2391,ESCALATE,Historical similarity is below safety threshold; Intent mismatch with historical example; Retrieved historical reply is incomplete or unsafe,Thank you for contacting AmazonHelp. Your request needs further assistance from our support team. A support agent will review your issue and help you shortly.,"I'm sorry you didn't receive your package, Angel. Will you please let us know who the shipper is? This information can be found here:",2978217
671655,I don't have an Amazon account with that email address. But it is an address with 2 step verification that has not been hacked. Why would someone be able to set up an Amazon account with an email account that has not been verified thru Amazon? Sounds like Amazon security prob.,"@280258 Hey, you can set up an Amazon account using any email address that's not already associated with Amazon account. ^RS",account_login,Good,AUTO_HANDLE,Customer asks about creating an Amazon account with an unverified email address.,account_login,0.2762,ESCALATE,Intent is unclear or sensitive; Historical similarity is below safety threshold; Retrieved historical reply is incomplete or unsafe,Thank you for contacting AmazonHelp. Your request needs further assistance from our support team. A support agent will review your issue and help you shortly.,"Just as an example, you can check here: by clicking ""More purchase options"" then... (1/2)",1323337
40422,But please arrange return pick up from your hand,"@120261 Please don't worry, our team will get in touch with you with a best possible resolution. ^SU",return,Acceptable,ESCALATE,Customer requests return pickup; support needs to arrange it.,return,0.5378,ESCALATE,Historical similarity is below safety threshold; Intent mismatch with historical example,Thank you for contacting AmazonHelp. Your request needs further assistance from our support team. A support agent will review your issue and help you shortly.,Kindly revert to our email correspondence with further query on this and we'll be happy to take it over from there.,19117
1665280,"C'est inexcusable, je dois faire un transfert de données le 7 de l'ancienne console à celle-ci, et je dois revendre l'autre le même jour","@507413 Nous n'avons pas accès à votre compte, vous pouvez contacter notre SAV pour qu'ils vous aident via https://t.co/hgIrz98cdI",customer_service,Acceptable,ESCALATE,Customer needs support for a time-sensitive console data-transfer issue.,other,0.4444,ESCALATE,Intent is unclear or sensitive; Historical similarity is below safety threshold,Thank you for contacting AmazonHelp. Your request needs further assistance from our support team. A support agent will review your issue and help you shortly.,L'avez-vous signalé à notre SAV afin qu'il prenne les mesures nécessaires?,2894579
946601,I am very disappointing with the service of seller support my cases is not resolved its takes 3 months. Plz help,"@344469 Kindly share your details here: https://t.co/beaaDm0muc, and we'll reach out to you soon. (2/2) ^MD",customer_service,Acceptable,ESCALATE,Seller support case has remained unresolved for three months.,customer_service,0.2373,ESCALATE,Intent is unclear or sensitive; Historical similarity is below safety threshold; Intent mismatch with historical example; Retrieved historical reply is incomplete or unsafe,Thank you for contacting AmazonHelp. Your request needs further assistance from our support team. A support agent will review your issue and help you shortly.,I'm sorry to know this. Please contact our support team via chat here:,197733
73532,No i ordered one item and it says it has been delivered. Part of the item is missing. This was a gift for someone tomorrow so I needed to receive it by today,"@132441 Thanks for the additional information! We'd like to take a look into this with you! When you get a moment, please contact us via chat or phone: https://t.co/JzP7hlA23B ^SW",delivery,Acceptable,ESCALATE,Order is marked delivered but part of the item is missing.,product_issue,0.2375,ESCALATE,Historical similarity is below safety threshold; Intent mismatch with historical example,Thank you for contacting AmazonHelp. Your request needs further assistance from our support team. A support agent will review your issue and help you shortly.,Thanks for the update! We'd like to look into this with you in real time. Please reach out to us via phone or chat here,2744203
318264,It seems to be cooperating now. Its preference for Lloyd was just a little amusing.,@191939 Delighted it is working now.^CD,product_issue,Good,AUTO_HANDLE,Customer indicates the issue is now working normally.,other,0.2656,ESCALATE,Intent is unclear or sensitive; Historical similarity is below safety threshold,Thank you for contacting AmazonHelp. Your request needs further assistance from our support team. A support agent will review your issue and help you shortly.,Is there any error message too or just not loading? I have been checking and no issue is showing on our side.,2142200
472347,"I normally buy a few bits on a Friday but its now saying delivery for Monday, so deleted the items in my basket &amp; will have to go to Tesco tomorrow instead. Its always been fine before &amp; this has happened the last couple of orders Ive tried as well .. :(","@227489 This is not the experience we want you to have. Thank you for your feedback, it helps us improve. ^BD",delivery,Acceptable,AUTO_HANDLE,Customer reports unexpected delivery-date changes.,delivery,0.2244,ESCALATE,Historical similarity is below safety threshold; Intent mismatch with historical example; Retrieved historical reply is incomplete or unsafe,Thank you for contacting AmazonHelp. Your request needs further assistance from our support team. A support agent will review your issue and help you shortly.,I'd like to have this investigated by a logistics specialist! Pls give our team details here:,1362458
508132,"@236664 I ordered something three different items at three different times and they said “tried to deliver, business was closed....” Ummmm, no asshat ~ that “business” is a hotel!","@249440 I'm sorry to hear about the delivery trouble. If you are currently waiting on an order, we'd like to help! Have you received an updated delivery date for the orders? ^MB",delivery,Acceptable,ESCALATE,Customer reports failed delivery attempts to a hotel,order,0.2331,ESCALATE,Historical similarity is below safety threshold; Intent mismatch with historical example,Thank you for contacting AmazonHelp. Your request needs further assistance from our support team. A support agent will review your issue and help you shortly.,Thanks for the additional information! Are you having this issue with one specific carrier or with multiple carriers?,91525
413015,Gibts da ne Vorlage ? Ich kann nicht schlafen xd nur wenn man das mit 3-4 Produkten macht wird das ganz schön teuer,"@213578 Schau mal hier: https://t.co/7M84KcSxSt Diese Seite ist beim Produkt unter ""Hier klicken, um mehr über den AWS IoT-Button zu erfahren."" verlinkt. Als Bier-Alternative hätten wir noch das hier: https://t.co/CTqAEjLZej Du hast die Qual der Wahl 🍺🙂 ^DS",product_issue,Good,AUTO_HANDLE,Customer asks for a product template/reference and receives a relevant resource.,other,0.4507,ESCALATE,Intent is unclear or sensitive; Historical similarity is below safety threshold,Thank you for contacting AmazonHelp. Your request needs further assistance from our support team. A support agent will review your issue and help you shortly.,Schau mal hier: wird es ausführlich erklärt.,929585
312965,No info since yesterday. Really 😒 https://t.co/D1u8Bfwxyj,@125313 Reach us here: https://t.co/JzP7hlRCV9 so we can check into this for you.^CD,customer_service,Acceptable,ESCALATE,Customer has not received an update and needs support follow-up.,other,0.3644,ESCALATE,Intent is unclear or sensitive; Historical similarity is below safety threshold,Thank you for contacting AmazonHelp. Your request needs further assistance from our support team. A support agent will review your issue and help you shortly.,"Apologies for the delay, did the agent ask you to wait a certain amount of time?",2074036
179060,16th of September with Amazon. Received the code Monday. Input it to PSN last night. Was told it redeemed. Are the codes broken?,@158225 Sorry to hear this. Please get in touch with EA for assistance with this. ^RL,product_issue,Poor,ESCALATE,Customer reports a code redemption problem and needs investigation.,order,0.3192,ESCALATE,Historical similarity is below safety threshold; Intent mismatch with historical example,Thank you for contacting AmazonHelp. Your request needs further assistance from our support team. A support agent will review your issue and help you shortly.,Have you tried contacting the seller to request cancellation? We'd like to help!,2679461
511712,i cancelled an order over 10 days ago but still havent got a refund. How long does it take?,"@237640 That's a bit unusual! When you place an order on Amazon, we may authorize your payment when your order is placed, but we don't charge you until the item ships. Was this order placed with one of our third-party sellers? You can check here: https://t.co/Y5jpI9gRhE ^BN",refund_payment,Poor,ESCALATE,Customer is waiting for a refund after cancelling an order.,order,0.4407,ESCALATE,Historical similarity is below safety threshold; Intent mismatch with historical example,Thank you for contacting AmazonHelp. Your request needs further assistance from our support team. A support agent will review your issue and help you shortly.,"Refunds usually take about 3-5 days to process, depending on the policies of your bank.",2861994
428992,@115851 @115850 making fool how long you will loot Indian customer???,@158494 I understand your concern. Could you confirm if you've shared your details in the link provided earlier? ^HD,customer_service,Poor,ESCALATE,Customer expresses a serious service complaint and needs support attention.,other,0.31,ESCALATE,Intent is unclear or sensitive; Historical similarity is below safety threshold,Thank you for contacting AmazonHelp. Your request needs further assistance from our support team. A support agent will review your issue and help you shortly.,"As this is social media, we will be unable to connect with you or access your details from here. Kindly fill in your details with the link provided earlier and we'll get in touch with you soon. Appreciate your understanding. - Pooja",531501
1973387,Request you to kindly deliver my product between 2 - 5 pm order # 408-3487683-8821161. It’s request else I’ll hv 2 cancel,@539494 Please don't provide your order details as we consider it personal information. Our twitter page is visible to public.(2/2) ^CB,delivery,Poor,ESCALATE,Customer requests a specific delivery time and may cancel if not possible.,order,0.3884,ESCALATE,Historical similarity is below safety threshold,Thank you for contacting AmazonHelp. Your request needs further assistance from our support team. A support agent will review your issue and help you shortly.,"Please don't provide your order details, as we consider them to be personal information. Our page is visible to the public.",2216633
2483964,"Bought Motog5s Plus and got ""Up to 120 GB additional data from Idea"" from Amazon. Tried Availing this offer but got ""Invalid Invoice, details not found "" error. Today is Last day to avail. Pls. help @115850 @idea_cares https://t.co/wEDZeV8Bqa",@637647 I'm sorry that you are unable to claim the additional data. Kindly reach out to our support team here: https://t.co/vlvfJr4nN9 and we'll assist you accordingly. ^GD,product_issue,Acceptable,ESCALATE,Customer cannot claim an advertised product offer due to an invoice error.,customer_service,0.2169,ESCALATE,Intent is unclear or sensitive; Historical similarity is below safety threshold; Intent mismatch with historical example,Thank you for contacting AmazonHelp. Your request needs further assistance from our support team. A support agent will review your issue and help you shortly.,"Hi, what reason was given for the order being canceled please? What is your order status now: Has it been cancelled or is it still active? - Tara S",528208
292893,I hv submitted my prblm in ur email support team. They hv given reply to me and promised to me give cash back 15%. Ok so i m waiting.,@158512 Could you please confirm if you've shared your details in the link provided earlier? ^AG,refund_payment,Acceptable,ESCALATE,Customer is waiting for promised cashback/refund.,customer_service,0.2724,ESCALATE,Intent is unclear or sensitive; Historical similarity is below safety threshold; Intent mismatch with historical example,Thank you for contacting AmazonHelp. Your request needs further assistance from our support team. A support agent will review your issue and help you shortly.,You are most certainly welcome. Thanks for keeping us posted.,2490635
686676,Que ponía que mi paquete llegaba antes de las 9 de la mañana y no ha llegado aún :(,"@283958 Entiendo, ¿nos podrías indicar cuál es la fecha de entrega estimada que has recibido en el correo electrónico? ^KA",delivery,Acceptable,ESCALATE,Package has not arrived by the promised delivery time.,other,0.4133,ESCALATE,Intent is unclear or sensitive; Historical similarity is below safety threshold; Intent mismatch with historical example,Thank you for contacting AmazonHelp. Your request needs further assistance from our support team. A support agent will review your issue and help you shortly.,"Hola, lamentamos el inconveniente.¿Has podido contactar a la compañía de transporte que está a cargo de la entrega del paquete?",686752
2857269,"Si se tiene que dirigir a alguna persona en especial, les pido POR FAVOR me digan con quién, para que el operador sepa.","@794123 Encontrarás los detalles de contacto en el siguiente enlace, ellos te guiarán durante la llamada: https://t.co/mEKBC5rf63 ^HC",customer_service,Good,AUTO_HANDLE,Customer asks who they should contact for assistance.,other,0.3782,ESCALATE,Intent is unclear or sensitive; Historical similarity is below safety threshold,Thank you for contacting AmazonHelp. Your request needs further assistance from our support team. A support agent will review your issue and help you shortly.,"Olá Tati, estamos verificando seu DM, logo mais te enviamos uma resposta.",2176601
2671808,Thankyou amazon! I’m due the 6th of January so thought it’s best I get organised in case baby decides to make an early appearance 👶🏽❣️,@752321 Aw exciting! We would love to send an early Xmas pressie from us :) can you provide info here: https://t.co/tkLCr7DNil ^NV,other,Good,AUTO_HANDLE,Positive/non-support message with no specific customer issue.,other,0.263,ESCALATE,Intent is unclear or sensitive; Historical similarity is below safety threshold,Thank you for contacting AmazonHelp. Your request needs further assistance from our support team. A support agent will review your issue and help you shortly.,You're welcome. Do let us know for any further assistance.,2808989
204914,"Yes. Tracking stops yesterday, package due today. Guaranteed delivery date.","@164537 Typically, late orders arrive the next business day. If yours doesn't give us a call: https://t.co/hApLpMlfHN ^EP",delivery,Acceptable,ESCALATE,Tracking stopped and guaranteed delivery date has passed.,delivery,0.286,ESCALATE,Historical similarity is below safety threshold; Retrieved historical reply is incomplete or unsafe,Thank you for contacting AmazonHelp. Your request needs further assistance from our support team. A support agent will review your issue and help you shortly.,Has there been any recent tracking updates here: Which carrier is assigned to your delivery?,639542
234564,"Yes, it arrived at two incorrect carrier facilities and it said the package may be here Friday. Afraid it’s going to get stuck at my dorm!","@171848 We might be able to have the delivery re-routed, Slyvie. Please phone us here: https://t.co/hApLpMlfHN and we'll discuss. ^LB",delivery,Good,ESCALATE,Package is routed through incorrect facilities and may be delayed.,other,0.2986,ESCALATE,Intent is unclear or sensitive; Historical similarity is below safety threshold,Thank you for contacting AmazonHelp. Your request needs further assistance from our support team. A support agent will review your issue and help you shortly.,That's great to hear! Let us know if anything else comes up!,2621007
1387352,I went to this link but I did not got contact number...I have query to ask...please give the customer care number,"@442807 Once you click on the link, you will have an option to enter your number and reach us via the phone, Aravind. ^KS",customer_service,Good,AUTO_HANDLE,Customer asks for the customer care contact number.,customer_service,0.2422,ESCALATE,Intent is unclear or sensitive; Historical similarity is below safety threshold; Intent mismatch with historical example; Retrieved historical reply is incomplete or unsafe,Thank you for contacting AmazonHelp. Your request needs further assistance from our support team. A support agent will review your issue and help you shortly.,"Please don't provide your order details, we consider it personal information. Our Twitter page is visible to public. (2/2)",19447
710642,After confirm my oder the estimate date is 16th Oct which take more than 1week. If received b4 Friday that it really use ful.,@246259 before then. Please wait until the estimated delivery date and I'm positive your order will be delivered. 2/2 ^SH,delivery,Acceptable,AUTO_HANDLE,Customer is concerned about the estimated delivery date.,other,0.2138,ESCALATE,Intent is unclear or sensitive; Historical similarity is below safety threshold,Thank you for contacting AmazonHelp. Your request needs further assistance from our support team. A support agent will review your issue and help you shortly.,"We value your time. Kindly, let us know if you've replied to the correspondence you received from us?",1387070
581926,"Hi , It's me again! so regarding my shipment which was in the custom , today i checked with DHL and they said it's not shipped yet which is weird! and i went back to the tracking page and i found this ""Not yet shipped"" I meant what's happening here? Please advise?","@257159 I'm so sorry for the delay! We don't have access to your account or orders via Twitter. When you have a moment, reach us via phone or chat and we'll take a look at the order together in real-time: https://t.co/hApLpMlfHN If we can still help, let us know! ^KN",delivery,Acceptable,ESCALATE,Shipment shows not yet shipped and requires investigation.,delivery,0.2672,ESCALATE,Historical similarity is below safety threshold; Retrieved historical reply is incomplete or unsafe,Thank you for contacting AmazonHelp. Your request needs further assistance from our support team. A support agent will review your issue and help you shortly.,We'd like to take a closer look into this with you. Please call or chat with us here:,2287320
812366,Dann wende ich mich mal an den :3 vielen Dank,@313577 Aber gerne doch! :-) ^AK,other,Good,AUTO_HANDLE,Customer simply thanks/supports the previous response.,other,0.5906,ESCALATE,Intent is unclear or sensitive; Retrieved historical reply is incomplete or unsafe,Thank you for contacting AmazonHelp. Your request needs further assistance from our support team. A support agent will review your issue and help you shortly.,Gerne 😊👍,1171372
64007,Thanks for your kind support. Item reached the destination,@130697 You're most welcome. We're glad to know that the package was rightly delivered. Appreciate your cooperation while we worked on this for you. ^EM,delivery,Good,AUTO_HANDLE,Customer confirms successful delivery.,customer_service,0.4404,ESCALATE,Intent is unclear or sensitive; Historical similarity is below safety threshold; Customer message is too short or vague,Thank you for contacting AmazonHelp. Your request needs further assistance from our support team. A support agent will review your issue and help you shortly.,It was our pleasure! Please let us know if you have any further questions.,2205253
1350017,"@115830 Hey, now me, my wife and my friend have all had the same thing done. We ordered, you took the money, then said the card was declined, we have to add more money to the card and then it works. Why are you authorising it and then not taking it??","@434819 I'm sorry for the frustration. We'll authorise the gift card for $1.00 when the order is placed. To ensure the order can be charged when it's shipped, make sure your order total is at least $1.00 less than the total value of the gift card. ^MB",refund_payment,Acceptable,ESCALATE,Customer reports payment authorization/card decline issue.,order,0.239,ESCALATE,Historical similarity is below safety threshold; Intent mismatch with historical example,Thank you for contacting AmazonHelp. Your request needs further assistance from our support team. A support agent will review your issue and help you shortly.,Please get in touch with us directly so we can help:,2848946
951966,"Really disappointed in @115821 ""prime"" shipping. It appears to mean ""maybe 2 days, maybe a week"" whatever the website said.",@345836 I'm so sorry for the delay! Who is the carrier? Does their site show more detail into what happened? ^AM,prime,Acceptable,ESCALATE,Complaint specifically concerns Prime shipping expectations.,delivery,0.2229,ESCALATE,Historical similarity is below safety threshold,Thank you for contacting AmazonHelp. Your request needs further assistance from our support team. A support agent will review your issue and help you shortly.,"We're here to help! Have we missed an expected delivery date on an order? Please, check: and let us know.",83346
923917,J etais une bonne cliente j achetais tres regulierement mais la c est trop,@339250 Je suis navrée pour le souci. Est-ce que le lisseur est expédié par Amazon ou par un vendeur tiers? ^SM,customer_service,Poor,ESCALATE,Customer expresses dissatisfaction without a specific issue.,other,0.2466,ESCALATE,Intent is unclear or sensitive; Historical similarity is below safety threshold,Thank you for contacting AmazonHelp. Your request needs further assistance from our support team. A support agent will review your issue and help you shortly.,"Bonjour Alexandre, je suis désolée pour le retard. L'avez-vous signalé à notre SAV ?",1480437
1632475,Customer service was not sure that it would be and I'm responsible for follow up,@499531 Who's the carrier assigned to the delivery: https://t.co/Y5jpI9gRhE? ^AB,customer_service,Poor,ESCALATE,Customer complains about lack of clear support/resolution.,customer_service,0.2444,ESCALATE,Intent is unclear or sensitive; Historical similarity is below safety threshold,Thank you for contacting AmazonHelp. Your request needs further assistance from our support team. A support agent will review your issue and help you shortly.,That's good to hear! We appreciate you.,2306486
2385481,I'll try it out thanks,@687525 Great 😁 You two have a nice weekend. Take care ^CR,other,Good,AUTO_HANDLE,Customer acknowledges the response positively.,other,0.4103,ESCALATE,Intent is unclear or sensitive; Historical similarity is below safety threshold; Customer message is too short or vague,Thank you for contacting AmazonHelp. Your request needs further assistance from our support team. A support agent will review your issue and help you shortly.,You are very welcome! Please let us know if you need any further assistance! We've got your back. 😊,561738
789697,Frgt abt email today is day4 where the hell is my stupid order oh god m tired n frustrated with you all @115821,@297517 Could you please check and confirm if you've received any correspondence from our side here: https://t.co/NTkrxpsbHJ ? ^AB,other,Poor,ESCALATE,Customer is frustrated because an order has not arrived.,order,0.2172,ESCALATE,Historical similarity is below safety threshold; Retrieved historical reply is incomplete or unsafe,Thank you for contacting AmazonHelp. Your request needs further assistance from our support team. A support agent will review your issue and help you shortly.,We have responded to this query here: . Kindly check.,2538179
577774,why are you making false commitment again and again now you have given new time not date for delivering. you have not already fulfill your yesterday commitment how can i trust you ????????? i think am i not talking to brand like amazon . i have attached both the screenshot https://t.co/Xui3BOaDFB,"@227488 Please don't provide your order details, we consider it to be personal information. Our page is visible to the public. 2/2 ^BV",delivery,Poor,ESCALATE,Customer reports repeated missed delivery commitments.,other,0.2211,ESCALATE,Intent is unclear or sensitive; Historical similarity is below safety threshold; Intent mismatch with historical example; Retrieved historical reply is incomplete or unsafe,Thank you for contacting AmazonHelp. Your request needs further assistance from our support team. A support agent will review your issue and help you shortly.,That's not right! Please have this reported to our support team here: for immediate assistance.,1488350
1278084,"Livraison en point Relais. La seule solution proposé par votre support étant le remboursement, après autant d'attente. Impressionnant!!!",@419100 Navrée pour cela. S'agit-il d'un article vendu par Amazon ou par un vendeur tiers s'il vous plaît? ^SA,refund_payment,Poor,ESCALATE,Customer reports delivery issue where refund was offered after waiting.,other,0.3954,ESCALATE,Intent is unclear or sensitive; Historical similarity is below safety threshold,Thank you for contacting AmazonHelp. Your request needs further assistance from our support team. A support agent will review your issue and help you shortly.,S'agit-il d'un article expédié par Amazon ou bien par un vendeur tiers ?,74665
2478819,Réalisé hier ds la foulée de notre échange 🤔,"@696270 Nous n'avons rien reçu, pourriez-vous le remplir à nouveau je vous prie. ^BR",customer_service,Acceptable,ESCALATE,Customer refers to an action already completed and needs support follow-up.,other,0.2676,ESCALATE,Intent is unclear or sensitive; Historical similarity is below safety threshold,Thank you for contacting AmazonHelp. Your request needs further assistance from our support team. A support agent will review your issue and help you shortly.,"Je vous comprends, mais les vendeurs Marketplace peuvent fixer les prix de leurs articles ainsi que les frais de livraison.",2761724
1223169,Necesito Ayuda! Por bloqueo de cuenta!,"@407004 Hola, lamento saber que se presentó este inconveniente. ¿Has recibido un correo con instrucciones para recuperar tu cuenta? ^DA",account_login,Good,ESCALATE,Customer needs help because their account is blocked.,other,0.3558,ESCALATE,Intent is unclear or sensitive; Historical similarity is below safety threshold,Thank you for contacting AmazonHelp. Your request needs further assistance from our support team. A support agent will review your issue and help you shortly.,"Ernesto, gracias por la aclaración. En ese caso, es mejor que te pongas en contacto con los compañeros de Servicio al Cliente mediante este enlace:",2663989
322628,@115850 I am really disappointed with your services. i will not buy and will not recommend for my friends and family as i lost trust onyourService,@191896 I'm sorry for any trouble. Could you please elaborate so that we can assist you accordingly in the best possible way? ^RW,customer_service,Poor,ESCALATE,Strong general complaint about Amazon service.,other,0.2018,ESCALATE,Intent is unclear or sensitive; Historical similarity is below safety threshold; Intent mismatch with historical example,Thank you for contacting AmazonHelp. Your request needs further assistance from our support team. A support agent will review your issue and help you shortly.,"Hi Raghad! Sorry about your unknown charge. Which website do you have an account with .com, co.uk, .in, etc?",499946
105080,Hatte bereits am Mittwoch ein Gespräch... keiner konnte mir bisher sagen warum ich (Prime Kunde) etwas per premiumversand bestelle das per Post rausgeht und nicht als kleines Priorität Päckchen versendet wird,"@139214 Damit du deine Lieferung noch bekommst, melde dich bitte über den Link. Liebe Grüße ^TA",prime,Acceptable,ESCALATE,Prime customer questions premium shipping/delivery handling.,prime,0.2586,ESCALATE,Historical similarity is below safety threshold; Intent mismatch with historical example,Thank you for contacting AmazonHelp. Your request needs further assistance from our support team. A support agent will review your issue and help you shortly.,"Es ist natürlich nicht schön, wenn ein Artikel später versandt wird als gedacht, allerdings kann er in manchen Fällen trotzdem noch pünktlich ankommen. Was wurde dir denn für ein Lieferdatum genannt? Lieben Gruß",2289378
2302219,I have an item that still hasn't arrived. It was due on 10/21. The item shows that it still hasn't arrived but the only option I see on the site is to return it. I can't return something I haven't received.,@606425 I'm sorry you haven't received your item yet. Was the item shipped by Amazon or one of the sellers on our site: https://t.co/Y5jpI9gRhE ? ^JF,delivery,Acceptable,ESCALATE,Item has not arrived despite being past its delivery date.,return,0.3188,ESCALATE,Historical similarity is below safety threshold; Intent mismatch with historical example; Retrieved historical reply is incomplete or unsafe,Thank you for contacting AmazonHelp. Your request needs further assistance from our support team. A support agent will review your issue and help you shortly.,"Thank you for the update, and your patience. Please phone or chat with us to discuss options for your order here:",158598
1763195,live chat failed and call back not appeared. Been waiting 3 months for refund for box of broken glass that was sold as a lamp,@530477 I'm very sorry for the frustration! We'd like to help! Could you tell us more details about what's going on? ^HM,customer_service,Acceptable,ESCALATE,Customer has an unresolved concern and needs more details/support.,refund_payment,0.2518,ESCALATE,Intent is unclear or sensitive; Historical similarity is below safety threshold; Intent mismatch with historical example,Thank you for contacting AmazonHelp. Your request needs further assistance from our support team. A support agent will review your issue and help you shortly.,"After selecting ""Where's my stuff"" from the drop-down menu, please scroll down to select the chat option.",2107254
709986,"Entonces decidimos cada uno crear su cuenta y esta quedo bloqueada y en teoría borrada, pero hoy me ha llegado un cobro de 92 euros",@289771 Por favor contacta nuestro Servicio al Cliente en este enlace: https://t.co/lKuwEYa0UF  ^JJ,account_login,Poor,ESCALATE,Account was blocked/deleted but customer received an unexpected charge.,other,0.3521,ESCALATE,Intent is unclear or sensitive; Historical similarity is below safety threshold,Thank you for contacting AmazonHelp. Your request needs further assistance from our support team. A support agent will review your issue and help you shortly.,"Imma, estamos felices de escuchar eso, que lo disfrutes mucho.",1881675
481515,"Have done that already, but no response. Just started with #AmazonPrime and it doesn't look good.","@229455 Just to check, could you confirm whether you have an account with https://t.co/nUUp5MLhYl or Amazon.in? ^MD",prime,Acceptable,ESCALATE,Prime customer has already contacted support but has not received a response.,other,0.4262,ESCALATE,Intent is unclear or sensitive; Historical similarity is below safety threshold,Thank you for contacting AmazonHelp. Your request needs further assistance from our support team. A support agent will review your issue and help you shortly.,Upon checking I see that we haven't received your details yet. Kindly drop your details once again in the link shared earlier and we'll get in touch with you at the earliest.,80835
2987277,I am chatting with someone now on Amazon. I will reach back out to you if I can't get this resolved.,"@823677 Great, we will await your response. ^CR",customer_service,Good,AUTO_HANDLE,Customer is already receiving support and will follow up if unresolved.,other,0.2695,ESCALATE,Intent is unclear or sensitive; Historical similarity is below safety threshold,Thank you for contacting AmazonHelp. Your request needs further assistance from our support team. A support agent will review your issue and help you shortly.,Let us know! We are here to help!,494841
2676420,Only 1st month emi should be charged in my bill,@753302 I understand your concern. I request you to please contact the respective bank so that they can assist you better. ^BV,refund_payment,Acceptable,ESCALATE,Customer disputes the EMI amount charged to the bill,refund_payment,0.2712,ESCALATE,Intent is unclear or sensitive; Historical similarity is below safety threshold; Retrieved historical reply is incomplete or unsafe,Thank you for contacting AmazonHelp. Your request needs further assistance from our support team. A support agent will review your issue and help you shortly.,Great news!,979389
2680330,"Ich denke nicht, dass es jetzt an den Feiertagen geliefert wird, oder? Hätte eig. gestern kommen sollen. :/ https://t.co/GsUhuaUSVG",@450790 Am Feiertag wird tatsächlich nicht zugestellt. Daher würde ich dich gerne bis morgen um Geduld bitten. Danke und Gruß ^NW,delivery,Acceptable,ESCALATE,Customer expected delivery yesterday and is concerned about holiday delay.,other,0.3573,ESCALATE,Intent is unclear or sensitive; Historical similarity is below safety threshold,Thank you for contacting AmazonHelp. Your request needs further assistance from our support team. A support agent will review your issue and help you shortly.,Wunderbar! Danke für deine Rückmeldung.,2485539
639621,Nope. It said they couldn’t locate my address despite living here 20 years and having other deliveries regularly. Fuming,"@271717 We'd like to look into this with you. Please reach us here, so we can look into our available options: https://t.co/JzP7hlA23B ^AG",delivery,Acceptable,ESCALATE,Delivery failed because the carrier could not locate the address.,other,0.2253,ESCALATE,Intent is unclear or sensitive; Historical similarity is below safety threshold; Retrieved historical reply is incomplete or unsafe,Thank you for contacting AmazonHelp. Your request needs further assistance from our support team. A support agent will review your issue and help you shortly.,"We'd like to take a closer look into this with you. When you have the chance, please ring us here:",1355416
2291500,But why I use a repaired phone i have paid full payment to you.,@665528 You have to escalate the concern with the manufacturer for the best resolution on it. ^RW,product_issue,Acceptable,ESCALATE,Customer received/was given a repaired phone despite paying full price.,refund_payment,0.2532,ESCALATE,Intent is unclear or sensitive; Historical similarity is below safety threshold; Intent mismatch with historical example,Thank you for contacting AmazonHelp. Your request needs further assistance from our support team. A support agent will review your issue and help you shortly.,Could you let us know if there was an issue while paying for the order?,249977
535058,Yes for the fat lot of good it has done me!,@222196 What did we advise when you spoke to us?^PJ,customer_service,Poor,ESCALATE,Customer expresses dissatisfaction with the support outcome.,other,0.3318,ESCALATE,Intent is unclear or sensitive; Historical similarity is below safety threshold; Customer message is too short or vague; Retrieved historical reply is incomplete or unsafe,Thank you for contacting AmazonHelp. Your request needs further assistance from our support team. A support agent will review your issue and help you shortly.,Sorry for the delay! We would be happy to take a look if you reach out to us here:,447171
1916363,Et un lancement est prévu un jour en France ?,@570801 Bonne question! Nous ne manquerons pas de remonter cela. ^ASZ,product_issue,Good,AUTO_HANDLE,Customer asks whether a product launch is planned in France.,other,0.5126,ESCALATE,Intent is unclear or sensitive; Historical similarity is below safety threshold,Thank you for contacting AmazonHelp. Your request needs further assistance from our support team. A support agent will review your issue and help you shortly.,C'est parfait alors. Je vous invite donc à reprendre contact avec notre service pour demander le remboursement une fois que la commande sera expédiée.,2318165
1670667,my kindle app will no longer allow me to recommend the books I read. Is there a fix?,@508570 Sorry to hear Ronnie. Please get in touch - https://t.co/hApLpMlfHN a member of our digital team will be happy to help. ^TP,product_issue,Acceptable,ESCALATE,Customer reports a Kindle app functionality problem.,other,0.2708,ESCALATE,Intent is unclear or sensitive; Historical similarity is below safety threshold,Thank you for contacting AmazonHelp. Your request needs further assistance from our support team. A support agent will review your issue and help you shortly.,I'm sorry to hear the reading progress isn't showing anymore! Please try this:,2587904
530799,amazon told me a fraudulent purchase on my account had been cancelled but my money has now left my bank account - would like this resolved quickly?,@242941 Sorry to hear that. Please reach out to us here: https://t.co/JzP7hlRCV9 via phone or Live Chat and we can look in to this for you.^TI,refund_payment,Poor,ESCALATE,Customer reports money taken after a fraudulent purchase was cancelled.,account_login,0.2987,ESCALATE,Intent is unclear or sensitive; Historical similarity is below safety threshold; Intent mismatch with historical example; Retrieved historical reply is incomplete or unsafe,Thank you for contacting AmazonHelp. Your request needs further assistance from our support team. A support agent will review your issue and help you shortly.,used once the product is returned. 2/2,973548
537427,"I think Black Friday/Cyber Monday broke My subscribe &amp; save items were stuck in perpetual “shipping soon, delivery today” and are now “shipping today, arriving Dec 1st”. Some glitch but now no one knows when they’ll be here. 🧐",@244579 So sorry to hear about the issues with your order! Have you already contacted us directly here?  https://t.co/Q7Ftz6nj80 ^GS,delivery,Acceptable,ESCALATE,Subscribe & Save orders have conflicting shipping and delivery status.,delivery,0.2175,ESCALATE,Historical similarity is below safety threshold; Retrieved historical reply is incomplete or unsafe,Thank you for contacting AmazonHelp. Your request needs further assistance from our support team. A support agent will review your issue and help you shortly.,Have you tried getting in touch here:,29532
2883445,"Bonjour, un abonnement couche Pampers devait être livré le 24/11 et n'est apparemment pas encore expédié. Peut-on en savoir plus ?","@799934 Bonjour, Je suis désolé. Contactez s'il vous plaît notre service client pour qu'ils vous aident via https://t.co/hgIrz98cdI",delivery,Acceptable,ESCALATE,Customer's scheduled delivery has not shipped.,other,0.3559,ESCALATE,Intent is unclear or sensitive; Historical similarity is below safety threshold,Thank you for contacting AmazonHelp. Your request needs further assistance from our support team. A support agent will review your issue and help you shortly.,"N'ayant pas accès à votre compte depuis Twitter, veuillez signaler ce retard à notre SAV via :",1261803
825485,hello I ordered something over a month ago unknowingly from a merchant and never received it &amp; the merchant has terrible reviews,@316607 We're sorry for the trouble you've had! Have you contacted this third-party seller to obtain any info about your order status? ^WM,order,Poor,ESCALATE,Customer has not received an order from a third-party merchant after a month.,order,0.2803,ESCALATE,Historical similarity is below safety threshold,Thank you for contacting AmazonHelp. Your request needs further assistance from our support team. A support agent will review your issue and help you shortly.,"I'm sorry it hasn't arrived! Do you know if this order was shipped directly by Amazon, or by a third-party seller on our website:",510416
1381482,"I do not agree with your statement, offline retailer helps the buyer to resolve these issues. You need to put in a word to Micromax. I will be going to consumer court and your company will be made part of the complain.",@441542 here:https://t.co/gYYDFKUNPY Appreciate your understanding in this matter. 3/3 ^EM,product_issue,Poor,ESCALATE,Customer has a product-related complaint and threatens consumer court action.,customer_service,0.2529,ESCALATE,Intent is unclear or sensitive; Historical similarity is below safety threshold; Intent mismatch with historical example,Thank you for contacting AmazonHelp. Your request needs further assistance from our support team. A support agent will review your issue and help you shortly.,"We can't access your account over Twitter, owing to security reasons. You can choose to write back to our e-mail.",179137
420940,Should i wait till 10 pm estimated delivery time is 8 pm but not received by 8 pm not happy with service provided by @115850,@191024 I've shared your feedback with the concerned team for review. ^HA,delivery,Acceptable,ESCALATE,Delivery has not arrived by the estimated time.,delivery,0.2685,ESCALATE,Historical similarity is below safety threshold; Intent mismatch with historical example,Thank you for contacting AmazonHelp. Your request needs further assistance from our support team. A support agent will review your issue and help you shortly.,Deliveries can still be made by 8 PM. Please keep us posted on its arrival. We want to make sure you get your item.,1370725
1255409,Ainda não mas mal posso esperar! Parabéns pelo serviço show ♥️,@414363 Obrigada pelo carinho 💕 Boa leitura! ^VL,other,Good,AUTO_HANDLE,ositive message with no support issue.,other,0.5374,ESCALATE,Intent is unclear or sensitive; Historical similarity is below safety threshold,Thank you for contacting AmazonHelp. Your request needs further assistance from our support team. A support agent will review your issue and help you shortly.,"Correto, Vy. Sugerimos contatar com nossos colegas do SAC neste link: Pode contatar pela opção de telefone, e-maill ou bate-papo.",485356
919419,I have already replied to Gowtham from your social media team. Please check your email.,@338251 Thanks foe keeping us posted. We'll revert to you shortly. ^MS,customer_service,Good,ESCALATE,Customer has already responded to support and asks the team to check email.,other,0.4538,ESCALATE,Intent is unclear or sensitive; Historical similarity is below safety threshold,Thank you for contacting AmazonHelp. Your request needs further assistance from our support team. A support agent will review your issue and help you shortly.,"Hi, I can confirm we've received your DM and will reply to your message shortly.",1061328
1059289,"Bonsoir, je ne pensais pas avoir la chance de trouver un tapis de bain pour seulement 0.01€.","@370099 🙄!Pourriez-vous m'indiquer le lien vers l'article, je vous prie?^FT",other,Good,AUTO_HANDLE,Customer makes a positive/commentary statement without a support issue.,other,0.2743,ESCALATE,Intent is unclear or sensitive; Historical similarity is below safety threshold,Thank you for contacting AmazonHelp. Your request needs further assistance from our support team. A support agent will review your issue and help you shortly.,Você já entrou em contato com o nosso SAC para reportar o acontecido?,823131
1022752,"I m sorry-i m sorry, you just can’t repeat it everyday, whre is d solution, it was supposed to be delivered on Thursday. @115850","@332948 I get you being upset, Praveen. We'd like to get this sorted out, please revert to the email you've received from us. ^MS",delivery,Acceptable,ESCALATE,Customer is frustrated about a missed promised delivery.,other,0.3796,ESCALATE,Intent is unclear or sensitive; Historical similarity is below safety threshold,Thank you for contacting AmazonHelp. Your request needs further assistance from our support team. A support agent will review your issue and help you shortly.,Please tell us more about this issue you are encountering. We'd love to help!,2511623
502533,"On previous returns I've been provided with an Authorization Label which must go inside the box. On this occasion, I only got a label for the outside of the box.","@157101 How odd! We're unable to review order details over Twitter, but we'd like to investigate this with you. Whenever you've got some time, feel free to reach us directly here: https://t.co/JzP7hlA23B",return,Poor,ESCALATE,Customer is missing the required return authorization label.,return,0.2725,ESCALATE,Historical similarity is below safety threshold; Intent mismatch with historical example; Retrieved historical reply is incomplete or unsafe,Thank you for contacting AmazonHelp. Your request needs further assistance from our support team. A support agent will review your issue and help you shortly.,Please reach us here:,1687248
667004,"@115851 - Technical Support Rep, Grey just crushed my Echo issue! AWESOME Customer service! #Resolved BTW: #CLTisPrime","@278942 That's what we like to hear! Thanks for letting us help you today, and thanks for choosing Amazon! ^WT",customer_service,Good,AUTO_HANDLE,Customer confirms the support issue was successfully resolved.,customer_service,0.2977,ESCALATE,Intent is unclear or sensitive; Historical similarity is below safety threshold; Intent mismatch with historical example,Thank you for contacting AmazonHelp. Your request needs further assistance from our support team. A support agent will review your issue and help you shortly.,Apologies for the delay with your order. Please reply to the email sent previously by our team for more assistance with this.,1498577
2339100,I am an individual seller. Sold a mobile. Payment pending for many days. See that it should have been done on 18th itself. Still no show.,@294240 Sorry for the trouble. Please provide your details here: https://t.co/beaaDm0muc We will look into it and assist further. ^GU,refund_payment,Acceptable,ESCALATE,Seller reports a payment that has remained pending.,refund_payment,0.1892,ESCALATE,Intent is unclear or sensitive; Historical similarity is below safety threshold; Intent mismatch with historical example; Retrieved historical reply is incomplete or unsafe,Thank you for contacting AmazonHelp. Your request needs further assistance from our support team. A support agent will review your issue and help you shortly.,This is certainly not the experience we want our customers to have. We'd like to look at this closer with you Mark. When you have a moment could you reach out to us here: and we can work to resolve this situation?,2836901
246369,Tbh this is the 2nd time this has happened I'm not very happy why put a release date when you don't have the stock,@174522 What is the delivery date of the Vinyl advised?: https://t.co/aaDyEz1VgE ^PK,product_issue,Poor,ESCALATE,Customer complains about product availability and misleading release timing.,other,0.2816,ESCALATE,Intent is unclear or sensitive; Historical similarity is below safety threshold,Thank you for contacting AmazonHelp. Your request needs further assistance from our support team. A support agent will review your issue and help you shortly.,"I'm sorry to see your order wasn't delivered today! Typically, late shipments arrive within the next business day or two. If not received by Thursday, please reach us directly via phone or chat so we can look into available options for you:",2867163
788630,Yeah. My Amazon Echo ships early November. I can't wait 😐,"@176386 Haha! We can't wait too, Eashwar! Don't forget to tell us how you like the device once you receive it. ^JC",other,Good,AUTO_HANDLE,Customer is simply commenting positively about an upcoming shipment.,other,0.4501,ESCALATE,Intent is unclear or sensitive; Historical similarity is below safety threshold; Retrieved historical reply is incomplete or unsafe,Thank you for contacting AmazonHelp. Your request needs further assistance from our support team. A support agent will review your issue and help you shortly.,"Oh no! Have you performed a manual update? If not, please attempt to update and then let us know if it doesn't work within a time period of 24 hours. For live assistance, please contact us here:",2685107
1011471,Done. Will wait for your call,"@359320 I get your concern, Hiren. We've received your details and we'll reach out to you with an update at earliest. ^SV",customer_service,Good,AUTO_HANDLE,Customer has completed the requested action and is waiting for follow-up.,other,0.5663,ESCALATE,Intent is unclear or sensitive,Thank you for contacting AmazonHelp. Your request needs further assistance from our support team. A support agent will review your issue and help you shortly.,I'm sorry it is taking longer than expected. We shall connect with you soon.,288197
2923438,Pl update the website..,"@809006 Hey, the results shall be updated on the website shortly. Stay tuned for future updates! ^AB",customer_service,Acceptable,AUTO_HANDLE,Customer requests a website update.,other,0.4268,ESCALATE,Intent is unclear or sensitive; Historical similarity is below safety threshold; Customer message is too short or vague,Thank you for contacting AmazonHelp. Your request needs further assistance from our support team. A support agent will review your issue and help you shortly.,Please access this link: Thank you for your patience and cooperation.,300541
460099,"Ugh yeah, y'all missed the ""guaranteed delivery date""... And no new delivery date.",@224326 Thanks for the update. What does the most recent tracking information state here: https://t.co/q4LAMZ3tbE? ^GG,delivery,Poor,ESCALATE,Guaranteed delivery date was missed with no replacement date.,delivery,0.4981,ESCALATE,Historical similarity is below safety threshold,Thank you for contacting AmazonHelp. Your request needs further assistance from our support team. A support agent will review your issue and help you shortly.,"Please be assured, delivery would be done as per the estimated delivery date mentioned.",2663573
2966386,"I returned an item and you received it yesterday and it is still not processed so I wanted to check and see what is going on, however the person from the customer support was not able to understand my question AT ALL!","@818378 Kiril, I'm sorry to hear that you weren't able to get any clarify about your refund/return. Returns can take up to two weeks to process. To learn more, click here: 
https://t.co/g6yZ1oJDKu

To check the status of your refund: https://t.co/2KnvM4eAYj. ^SY",return,Acceptable,ESCALATE,Returned item has been received but not yet processed.,customer_service,0.2096,ESCALATE,Intent is unclear or sensitive; Historical similarity is below safety threshold; Intent mismatch with historical example,Thank you for contacting AmazonHelp. Your request needs further assistance from our support team. A support agent will review your issue and help you shortly.,Parcels can be delivered up to 21:00. Please keep us updated on its arrival. We're here to help!,2436380
2946797,Tô levando um pra ler no intervalo do trabalho 😁,"@813920 Ficamos curiosos Camila, qual deles escolheu? 😱 ^AZ",other,Good,AUTO_HANDLE,Casual positive comment with no customer support issue.,other,0.4209,ESCALATE,Intent is unclear or sensitive; Historical similarity is below safety threshold; Intent mismatch with historical example,Thank you for contacting AmazonHelp. Your request needs further assistance from our support team. A support agent will review your issue and help you shortly.,"Sinto muito pelo inconveniente, sugiro você entrar em contato como o SAC para verificar o acontecido.",2115551
2821084,@115821 Can https://t.co/l4KEtoU9Lh deny me access to my inventory? They are doing it! https://t.co/AR9HYQXAcU https://t.co/47BsUJRCsR,@347097 Please reach out to seller support as we do not have access to account details here on Twitter I'm afraid - https://t.co/vsSnN0yboP ^KM,account_login,Acceptable,ESCALATE,Customer reports being denied access to inventory/account resources.,other,0.5459,ESCALATE,Intent is unclear or sensitive; Historical similarity is below safety threshold,Thank you for contacting AmazonHelp. Your request needs further assistance from our support team. A support agent will review your issue and help you shortly.,"I'm sorry one of your glasses broke. If you haven't already, please contact us for options: To link your packaging feedback to the order, please visit:",2754612
54387,Não estou conseguindo sincronizar os livros que baixei pelo serviço Unlimited no meu aparelho. Aparece uma mensagem de que está pendente,@128311 Olá Thalyta! Sinto muito em saber do inconveniente! Por gentileza acesse o seguinte link: https://t.co/GnA4dCmKdN   ^JJ,product_issue,Acceptable,ESCALATE,Kindle Unlimited books are not synchronizing correctly.,other,0.4187,ESCALATE,Intent is unclear or sensitive; Historical similarity is below safety threshold,Thank you for contacting AmazonHelp. Your request needs further assistance from our support team. A support agent will review your issue and help you shortly.,"Oi Stephanny, sinto muito o ocorrido. Poderia me informar se os livros foram vendidos e enviados por Amazon ou por um vendedor marketplace?",545704
962101,😳😳 sense of humour is missing@,"@348292 All the best for the results, Saurabh. ^KS",other,Good,AUTO_HANDLE,Casual comment without a support issue.,other,0.3125,ESCALATE,Intent is unclear or sensitive; Historical similarity is below safety threshold; Retrieved historical reply is incomplete or unsafe,Thank you for contacting AmazonHelp. Your request needs further assistance from our support team. A support agent will review your issue and help you shortly.,I'm sorry your items was missing a piece! You can check out return options here:,332003
2111054,@115850 is applying predatory practices. No option to write product review for @121284 . Quite a master stroke!,"@509289 At this point in time, Alexa is available only through invites. You could use our companion app to share the feedback until this device is available for purchase without invites. For further information you may us this link: https://t.co/fRPORLKTaG. ^AM",product_issue,Poor,ESCALATE,Customer reports inability to write a product review and raises a serious complaint.,product_issue,0.2917,ESCALATE,Historical similarity is below safety threshold; Intent mismatch with historical example; Retrieved historical reply is incomplete or unsafe,Thank you for contacting AmazonHelp. Your request needs further assistance from our support team. A support agent will review your issue and help you shortly.,"That's odd. In that case, please share your details here: and I'll get in touch with you.",238891
369128,"What’s the reply eta, and what’s this link to the convo it’s requesting","@176815 Hello! The requested URL to Twitter message is the link to the current conversation here on Twitter. You can right-click on the time stamp and select “Copy Link Location” or “Copy Shortcut”, then right-click in the field below and select “Paste”. ^NS",customer_service,Acceptable,AUTO_HANDLE,Customer asks for clarification about the support conversation link and response time.,other,0.3619,ESCALATE,Intent is unclear or sensitive; Historical similarity is below safety threshold; Retrieved historical reply is incomplete or unsafe,Thank you for contacting AmazonHelp. Your request needs further assistance from our support team. A support agent will review your issue and help you shortly.,Sorry about that! You can reach us the fastest by phone or chat here:,2706713
1108152,Il est marqué “retour en cours” Sachez que dans le sms de réception de Chronopost j’avais jusqu’au 10/11 pour le récupérer !,"@381540 Afin de vérifier votre dossier, je vous prie de remplir le formulaire suivant via un PC : https://t.co/HtUowg2UGX ^MA",return,Acceptable,ESCALATE,Customer has a return/collection status issue involving a pickup deadline.,other,0.4108,ESCALATE,Intent is unclear or sensitive; Historical similarity is below safety threshold,Thank you for contacting AmazonHelp. Your request needs further assistance from our support team. A support agent will review your issue and help you shortly.,Je vous invite à consulter le solde chèque cadeau depuis le lien:,1114997
644055,2 days timeline mentioned by you in email is now over but still no action and reply by you,"@272885 Apologies, kindly reply to our E-mail correspondence, we'll look into it and get back to you at the earliest. ^MO",customer_service,Poor,ESCALATE,Promised support timeline has passed without action or response.,other,0.4336,ESCALATE,Intent is unclear or sensitive; Historical similarity is below safety threshold; Retrieved historical reply is incomplete or unsafe,Thank you for contacting AmazonHelp. Your request needs further assistance from our support team. A support agent will review your issue and help you shortly.,Thank you for replying! Please submit your packaging feedback here:,2137904
1258204,Haven’t heard back yet,@414826 You may select phone or chat for a faster response. ^AT,customer_service,Acceptable,ESCALATE,Customer has not received a support response.,other,0.5649,ESCALATE,Intent is unclear or sensitive; Customer message is too short or vague; Retrieved historical reply is incomplete or unsafe,Thank you for contacting AmazonHelp. Your request needs further assistance from our support team. A support agent will review your issue and help you shortly.,We would like to help you. Please share your details with us here: We'll get in touch shortly.,352829
2773069,"J'ai vu avec eux, merci 😁","@383095 Merci à vous, bonne soirée ! :) ^AR",other,Good,AUTO_HANDLE,Customer confirms they have handled the matter and thanks support.,other,0.4689,ESCALATE,Intent is unclear or sensitive; Historical similarity is below safety threshold,Thank you for contacting AmazonHelp. Your request needs further assistance from our support team. A support agent will review your issue and help you shortly.,"Parfait, j'espère que vous trouverez entière satisfaction auprès de notre service client.",2436002
2296817,When are you going to have the Stranger Things monopoly in stock on the UK site???,"@140838 Hey Charlotte- Any updates will first be advertised on site, keep an eye out for updates. ^NV",refund_payment,Poor,ESCALATE,Customer wants money credited and is unhappy with repeated standard replies.,other,0.3909,ESCALATE,Intent is unclear or sensitive; Historical similarity is below safety threshold; Retrieved historical reply is incomplete or unsafe,Thank you for contacting AmazonHelp. Your request needs further assistance from our support team. A support agent will review your issue and help you shortly.,Unfortunately I've not been able to find a listing for the FBE34 camper but have found that the FBR34 Camper is available from a number of sellers here:,2935765
779989,Sir/madam I have order a charger on 7th of this month and yesterday was its delivery date. But it didn't reached me.,"@169609 I'm sorry for the delay. Please contact us via: 
https://t.co/2t6DQpbXFx so that our team can help you right away. ^PR",other,Good,AUTO_HANDLE,Customer confirms the issue is completed.,delivery,0.2005,ESCALATE,Historical similarity is below safety threshold,Thank you for contacting AmazonHelp. Your request needs further assistance from our support team. A support agent will review your issue and help you shortly.,Thanks for your continued patience! Orders may be delayed for various reasons during Holiday peak times. You will receive an email containing tracking information when it ships. Sorry for the inconvenience.,511716
1736,Two fake items in one day. Time to cancel my Amazon Prime membership.,@116091 Oh no! I'm so sorry to hear this. Was the item sold by Amazon directly or Third-party seller: https://t.co/aaDyEz1VgE. ^LH,customer_service,Good,ESCALATE,Customer has provided details and is waiting for support contact.,prime,0.4038,ESCALATE,Historical similarity is below safety threshold,Thank you for contacting AmazonHelp. Your request needs further assistance from our support team. A support agent will review your issue and help you shortly.,"We aim to deliver by the date given. I'm sorry for any inconvenience this causes, Please keep us posted.",339912
375832,"Original delivery date WAS Oct 8. Carrier was/is AMZL US (no idea who that is, but that's what my account stated)",@205132 What's the current status of the tracking: https://t.co/Y5jpI9gRhE? Have you been given a new delivery date? ^JJ,customer_service,Poor,ESCALATE,Direct complaint about customer service.,delivery,0.3085,ESCALATE,Historical similarity is below safety threshold; Intent mismatch with historical example; Retrieved historical reply is incomplete or unsafe,Thank you for contacting AmazonHelp. Your request needs further assistance from our support team. A support agent will review your issue and help you shortly.,You can find the carrier information by navigating here:,96635
77578,"You see, it's not just the thrill and the throttle for me. It's the storytelling and the cliffhangers that make it, it. And not sure what the form was about, but filled it nevertheless... https://t.co/Hyexcr1JPZ",@132975 I feel yahh!! The wait still continues!! Thank you keeping us posted. ^BV,customer_service,Acceptable,ESCALATE,Customer is frustrated about needing repeated follow-up.,other,0.2617,ESCALATE,Intent is unclear or sensitive; Historical similarity is below safety threshold,Thank you for contacting AmazonHelp. Your request needs further assistance from our support team. A support agent will review your issue and help you shortly.,Thank you for sharing the details. We'll look into the issue and will get back to you at the earliest.,1152588
1763250,All orders showed delivery for the next day but so far all 4 orders have not arrived then.,@511641 We'd like to look into this further with you. Please reach out to us for available options: https://t.co/JzP7hlA23B ^JP,product_issue,Acceptable,ESCALATE,Customer tried troubleshooting but the service still does not work.,delivery,0.2811,ESCALATE,Historical similarity is below safety threshold; Intent mismatch with historical example,Thank you for contacting AmazonHelp. Your request needs further assistance from our support team. A support agent will review your issue and help you shortly.,"When you placed the order, what delivery date was given?",183729
1243773,It’s saying it’s supposed to ship today to get here Friday (I have prime with the 2 day shipping) is it just going out later tonight?,"@411798 We'll email you with a tracking number as soon as the item has been shipped. Keep an eye on your email, we'll be in touch! ^RM",customer_service,Poor,ESCALATE,Seller is dissatisfied with unresolved seller support.,delivery,0.2924,ESCALATE,Historical similarity is below safety threshold,Thank you for contacting AmazonHelp. Your request needs further assistance from our support team. A support agent will review your issue and help you shortly.,Who is the carrier for your order? If you are unsure you can find the information here,425062
1547265,Once again AMAZON PRIME FAILS to deliver the next day #wortlessguarantee,@402789 So sorry about the delay. We do aim to deliver by the delivery date given at the time the order was placed. ^KM,refund_payment,Poor,ESCALATE,Customer explicitly requests money back.,prime,0.4596,ESCALATE,Historical similarity is below safety threshold,Thank you for contacting AmazonHelp. Your request needs further assistance from our support team. A support agent will review your issue and help you shortly.,Please contact us here so we can look into this with you:,1386440
1922800,@115821 ￼ I am unable to connect customer care on its number. How can I talk to receive duplicate bill.,"@572401 That is unsusual, Kamal. Did you try reaching out to us via: https://t.co/JI6wnUFaHE ? ^KS",delivery,Poor,ESCALATE,Paid delivery commitment was not attempted,other,0.3217,ESCALATE,Intent is unclear or sensitive; Historical similarity is below safety threshold,Thank you for contacting AmazonHelp. Your request needs further assistance from our support team. A support agent will review your issue and help you shortly.,Could you let us know if your facing any issues while turning on the subtitles?,835110
803979,Already checked no reason given by you,@311606 Sorry about that! Kindly connect with us here:https://t.co/vlvfJr4nN9 and we'll get this checked for you. ^PB,prime,Acceptable,ESCALATE,Prime customer reports a missed promised delivery.,other,0.6899,ESCALATE,Intent is unclear or sensitive,Thank you for contacting AmazonHelp. Your request needs further assistance from our support team. A support agent will review your issue and help you shortly.,"Apologies, is there more info available in the tracking: Is the order fulfilled by Amazon or a 3rd Party Seller?",588707
1461601,J'ai annulé m'a commande avant d'en repasser une sur ce produit mois cher. ENFAITE CE N'EST PAS LE MÊME ! ;u;,"@206727 Je suis désolée, mais nous sommes dans l'impossibilité de le faire, merci pour votre compréhension.^FT",customer_service,Acceptable,ESCALATE,Customer has already provided requested information and needs follow-up.,other,0.3531,ESCALATE,Intent is unclear or sensitive; Historical similarity is below safety threshold,Thank you for contacting AmazonHelp. Your request needs further assistance from our support team. A support agent will review your issue and help you shortly.,Avez-vous contacté notre SAV pour leur signaler cela?,1565853
1887330,I have tolded to your customers service there is Akshat supervisor who was not properly to me . He was saying it's notourconcern,"@353737 Sorry about that, Zeshan. We're looking into this and we'll reach out to you soon with an update. ^HK",delivery,Good,AUTO_HANDLE,Customer asks about providing the package tracking number.,customer_service,0.2359,ESCALATE,Intent is unclear or sensitive; Historical similarity is below safety threshold; Intent mismatch with historical example,Thank you for contacting AmazonHelp. Your request needs further assistance from our support team. A support agent will review your issue and help you shortly.,I get your concern on streaming prime videos. Please share your details: &amp; let us know. We'll help .,931517
413987,Still awaiting for the revert. The order on my account even shows undelivered and is in dispatched state..what's going on?,"@200856 Apologies for the experience, Kunal. Please reach us from here: https://t.co/rS49hgaADF we'll look into this and assist you. ^SV",customer_service,Poor,ESCALATE,Customer expresses frustration with support interaction.,order,0.295,ESCALATE,Historical similarity is below safety threshold; Intent mismatch with historical example,Thank you for contacting AmazonHelp. Your request needs further assistance from our support team. A support agent will review your issue and help you shortly.,"I'm afraid that we haven't received the mail yet. I request you to kindly fill in the details once again through the link provided to you earlier so that we can work on this right away, without any further delay.",99806
2950826,"I have written a LONG Story on the link, please solve my problem at the earliest!!",@814865 Thanks for the confirmation. We'll check the details and will get back to you with an update soon. Appreciate your understanding. ^SD,order,Poor,ESCALATE,Pre-ordered item is unavailable and customer wants an alternative.,other,0.3856,ESCALATE,Intent is unclear or sensitive; Historical similarity is below safety threshold,Thank you for contacting AmazonHelp. Your request needs further assistance from our support team. A support agent will review your issue and help you shortly.,"Thank you for confirming. As you've filled in the details, we'll reach out to you soon.",1265682
2349524,Can u give a definite time frame rather than earliest etc?,"@679139 As you have shared your details using secured link, our team is working on the issue. You'll be receiving a correspondence within 12 hours. ^RI",delivery,Acceptable,ESCALATE,Customer indicates a delivery-status issue.,other,0.3162,ESCALATE,Intent is unclear or sensitive; Historical similarity is below safety threshold; Intent mismatch with historical example,Thank you for contacting AmazonHelp. Your request needs further assistance from our support team. A support agent will review your issue and help you shortly.,"Hi, which carrier is the parcel with?",286264
2355242,numerous times now your delivery drivers are refusing to acknowledge &amp; use my safe place.Have complained &amp; they insist on not leaving items where i have stated.why?.,@321577 I'm sorry to hear about this issue with your deliveries. Has this occurred with one carrier or multiple carriers: https://t.co/aaDyEz1VgE ^DO,product_issue,Acceptable,ESCALATE,Customer complains about packaging/fulfilment.,delivery,0.2255,ESCALATE,Historical similarity is below safety threshold; Intent mismatch with historical example,Thank you for contacting AmazonHelp. Your request needs further assistance from our support team. A support agent will review your issue and help you shortly.,こちらの商品でしょうか。 通常配送をご利用でもご注文合計金額が2000円に満たない場合は、配送料が350円かかります。送料を合わせた金額がギフト券残高に足りているか、ご確認ください。 RI,418189
126360,Still it showing 22nd Nov. And I did not find any help. I want my mobile.. https://t.co/aSv1p5CI8q,@144362 Apologies for the delay. Have you reported this to our support team here: https://t.co/vlvfJr4nN9? ^RB,refund_payment,Acceptable,ESCALATE,Customer reports a card/payment authorization discrepancy.,customer_service,0.3023,ESCALATE,Intent is unclear or sensitive; Historical similarity is below safety threshold; Retrieved historical reply is incomplete or unsafe,Thank you for contacting AmazonHelp. Your request needs further assistance from our support team. A support agent will review your issue and help you shortly.,"If you've already confirmed the selected payment method is current, please call or chat us here:",254050
2719397,I was told someone would respond yesterday and apparently they saw someone was on it,"@149467 Hi Sophie, sorry to hear that. Without revealing any personal information, could you tell me a bit more about the issue you are having? ^TI",product_issue,Acceptable,ESCALATE,Amazon app is not loading on the TV.,other,0.2747,ESCALATE,Intent is unclear or sensitive; Historical similarity is below safety threshold; Intent mismatch with historical example,Thank you for contacting AmazonHelp. Your request needs further assistance from our support team. A support agent will review your issue and help you shortly.,Have you received an e-mail from our Account Specialists? Be sure to check spam and junk folders. We'd like to help!,145847
2581903,So who is gonna tell me where my parcel is? @126705 / https://t.co/f5tp6pqhYg,@731738 I am sorry about the frustration! Can you give us more information here so we can look further into this please?  https://t.co/JzP7hlA23B ^DJ,delivery,Acceptable,ESCALATE,Customer reports unexplained changes to delivery dates.,other,0.487,ESCALATE,Intent is unclear or sensitive; Historical similarity is below safety threshold,Thank you for contacting AmazonHelp. Your request needs further assistance from our support team. A support agent will review your issue and help you shortly.,I'm sorry for the wait. Late parcels usually arrive within the next business day. Please keep us posted when it arrives.,1528672
2910304,"Given the invisibility of an actual customer service email, some kind of response would be nice @115830 - Not least the self-interest that someone appears to have sold them a whole load of £5 plastic as £25 ceramic.... https://t.co/FR0OCRi7Jz",@488285 I'm sorry for the wait! Can you please link us to the product detail page? We'd like to take a second look. ^JM,product_issue,Acceptable,ESCALATE,Customer reports a browser/security certificate error.,customer_service,0.2269,ESCALATE,Intent is unclear or sensitive; Historical similarity is below safety threshold; Intent mismatch with historical example,Thank you for contacting AmazonHelp. Your request needs further assistance from our support team. A support agent will review your issue and help you shortly.,Thanks for keeping us posted. If you need anything else please let us know!,832088
1041656,All I have is this. TBA555846473000,@366348 We would like to take a closer look into this with you. Please fill out your details here: https://t.co/7lowXyvclf and someone from my team will be in touch with you. ^AY,prime,Good,AUTO_HANDLE,Customer asks about Prime trial duration and account usage.,other,0.5337,ESCALATE,Intent is unclear or sensitive; Historical similarity is below safety threshold; Retrieved historical reply is incomplete or unsafe,Thank you for contacting AmazonHelp. Your request needs further assistance from our support team. A support agent will review your issue and help you shortly.,In this case it would be best for us to assist you directly. Please reach out to us here:,2582995
162039,Et si je souhaite arrêter amazon prime ?,"@136284 Vous pouvez annuler l'abonnement Prime via le lien suivant : https://t.co/b35Z1xCrAj
^MD",prime,Poor,ESCALATE,Prime customer reports failed delivery support and missed package.,prime,0.4361,ESCALATE,Historical similarity is below safety threshold,Thank you for contacting AmazonHelp. Your request needs further assistance from our support team. A support agent will review your issue and help you shortly.,What were you advised when you contacted us?,1260224
2706308,@115828 I preordered Call of Duty WW2 but didn’t get my preorder bonus. Pls help. @115821,@608727 I'm sorry. We can't view account or order info via Twitter. Allow us to look into this further by using this link: https://t.co/hApLpMlfHN ^DO,prime,Poor,ESCALATE,Prime guaranteed delivery was missed.,order,0.2994,ESCALATE,Historical similarity is below safety threshold; Intent mismatch with historical example,Thank you for contacting AmazonHelp. Your request needs further assistance from our support team. A support agent will review your issue and help you shortly.,Alles Wissenswerte findest du hier: Hast du diesbezüglich eine E-Mail bekommen? Gruß,61021
2795293,"Lo que pedí,no hubo ningún problema obviamente💪👍",@780030 ¡Nos alegra saber que has recibido tu pedido sin problema! Si en el futuro requieres nuestra asistencia quedamos a tu disposición. ¡Saludos! ^PC,customer_service,Acceptable,ESCALATE,Customer checked email folders but has not received expected communication.,other,0.4768,ESCALATE,Intent is unclear or sensitive; Historical similarity is below safety threshold,Thank you for contacting AmazonHelp. Your request needs further assistance from our support team. A support agent will review your issue and help you shortly.,"Hola Maese, ¿podrías comentarnos más sobre lo que ha ocurrido sin publicar detalles de tu cuenta?",651726
619097,"U don’t mean a bit of wat u write.. so don’t put up an act if there ws genuine intention to resolve, the simplest way wld hav been to credit INR 298 to my amazon wallet Instead ur team is busy sending standard reply to my emails not wanting to resolve issue",@197812 Please reply to the email which was sent to you earlier. We would certainly look into this. ^MD,product_issue,Good,AUTO_HANDLE,Customer clarifies which product version they mean.,other,0.2518,ESCALATE,Intent is unclear or sensitive; Historical similarity is below safety threshold,Thank you for contacting AmazonHelp. Your request needs further assistance from our support team. A support agent will review your issue and help you shortly.,I'm afraid we'll not be able to accept remorse returns for mobiles. For more info:,1099615
2444000,Great thank you! All done.,@250463 You are welcome! Glad we could help! ^TR,delivery,Poor,ESCALATE,Delivery failed despite successful previous deliveries to the same location.,other,0.7059,ESCALATE,Intent is unclear or sensitive; Customer message is too short or vague,Thank you for contacting AmazonHelp. Your request needs further assistance from our support team. A support agent will review your issue and help you shortly.,Anytime! If there is anything else we may help with just let us know!,1391135
797440,Done..you may call me now if you want..,@310131 We'll get back to you soon with an update as the details are shared. Appreciate your understanding. ^BS,prime,Good,AUTO_HANDLE,Customer resolved the delivery issue but complains about Prime delay.,other,0.3664,ESCALATE,Intent is unclear or sensitive; Historical similarity is below safety threshold; Retrieved historical reply is incomplete or unsafe,Thank you for contacting AmazonHelp. Your request needs further assistance from our support team. A support agent will review your issue and help you shortly.,"We're unable to access your account details on Twitter. Kindly connect with our support team here: We'll assist you. Please don't provide your order details, as we consider it to be personal information. Our page is visible to the public.",644788
318805,very poor customer service 😡,@190898 My apologies for the ill experience. We're following up with your concern via DM. ^HA,delivery,Acceptable,ESCALATE,Customer replied to email but still has no delivery update.,customer_service,0.5535,ESCALATE,Intent is unclear or sensitive; Intent mismatch with historical example; Customer message is too short or vague,Thank you for contacting AmazonHelp. Your request needs further assistance from our support team. A support agent will review your issue and help you shortly.,"Oh no! Sorry for the poor experience! Without providing any account specific information, will you tell us what's going on? We are here to help!",153616
814356,I hope I don’t have to comment back on same thread again.,"@313951 I understand your concern, Vikram. We'll get back to you soon. Appreciate your patience and understanding. ^HD",customer_service,Good,AUTO_HANDLE,Customer asks where they will receive an update.,other,0.338,ESCALATE,Intent is unclear or sensitive; Historical similarity is below safety threshold,Thank you for contacting AmazonHelp. Your request needs further assistance from our support team. A support agent will review your issue and help you shortly.,We want to make sure that you get taken care of. Please keep us posted on the outcome of your phone call.,2952312
1716707,"Hi, that was the first thing I did since I wanted to watch programs on my PC instead of my phone. Done everything listed but to no avail :(",@519852 We'd like to look into this with you in real-time. Please reach us here: https://t.co/JzP7hlA23B ^AG,delivery,Poor,ESCALATE,Customer wants a clear delivery date.,other,0.2988,ESCALATE,Intent is unclear or sensitive; Historical similarity is below safety threshold,Thank you for contacting AmazonHelp. Your request needs further assistance from our support team. A support agent will review your issue and help you shortly.,Are you signed into your Prime account when you are trying to order?,351463
2599540,I have been writing. I know that there will be no resolution. Your inefficient seller support will never do anything favorable for sellers. #HearUsAmazon,@735913 I'm sorry for the trouble. Kindly reach out to our seller support team here:https://t.co/hITbmQzz2y as they'd be the best team to help you with this. Appreciate your understanding. ^EM,product_issue,Good,AUTO_HANDLE,Customer is directed to eligible Trade-In items.,customer_service,0.2347,ESCALATE,Intent is unclear or sensitive; Historical similarity is below safety threshold; Intent mismatch with historical example; Retrieved historical reply is incomplete or unsafe,Thank you for contacting AmazonHelp. Your request needs further assistance from our support team. A support agent will review your issue and help you shortly.,Please give us a call here: so we can take a look into this with you!,2736264
384519,"This is ridiculous, I want my money back, I do not wish to make any purchase on Amazon.😞😞😞",@207043 that we can assist you accordingly. (2/2) ^MO,order,Acceptable,ESCALATE,Customer is identifying the third-party seller associated with an order.,order,0.3502,ESCALATE,Historical similarity is below safety threshold; Intent mismatch with historical example; Retrieved historical reply is incomplete or unsafe,Thank you for contacting AmazonHelp. Your request needs further assistance from our support team. A support agent will review your issue and help you shortly.,"Emma, have you had a chance to look at your options for filing a claim? You can check it out here:",1341662
341288,"Uh no. Not g0nna pay for a delivery on a certain day and not even have it ""attempted""","@197440 I understand the concern. If you'd like to discuss other options, feel free to contact us here: https://t.co/hApLpMlfHN ^BH",order,Good,AUTO_HANDLE,Customer confirms the order was placed.,delivery,0.2704,ESCALATE,Historical similarity is below safety threshold; Intent mismatch with historical example,Thank you for contacting AmazonHelp. Your request needs further assistance from our support team. A support agent will review your issue and help you shortly.,"Hi Grace, please contact us here for support:",379887
1860091,"placed a order on Monday, Amazon prime customer, told it would be delivered yesterday, it didn’t arrive. https://t.co/msXv48kPgk",@556076 Sorry about that! It's rare by delays can happen. Hopefully it would be out for delivery today.^CD,refund_payment,Poor,ESCALATE,Customer disputes an incomplete refund amount.,order,0.2999,ESCALATE,Historical similarity is below safety threshold; Intent mismatch with historical example,Thank you for contacting AmazonHelp. Your request needs further assistance from our support team. A support agent will review your issue and help you shortly.,Hey Chris! I'm sorry the delivery date changed. Have you received any e-mails providing insight on the update?,1288169
1212691,I have already provided my details on the given link,@404627 Could you confirm receiving an email from our team here: https://t.co/NTkrxpsbHJ ? ^KA,delivery,Poor,ESCALATE,Customer complains about repeated late and unsafe deliveries.,other,0.4416,ESCALATE,Intent is unclear or sensitive; Historical similarity is below safety threshold,Thank you for contacting AmazonHelp. Your request needs further assistance from our support team. A support agent will review your issue and help you shortly.,We have crosschecked and can confirm that we haven't received your details. Kindly request you to resubmit the details to the link provided earlier. We will assist you further.,2721782
2962660,Vous voulez le numéro du colis ?,@817520 Vous pouvez nous envoyer le numéro de suivi (par DM de préférence). ^MH,delivery,Acceptable,ESCALATE,Customer asks about a pending delivery/date,other,0.4579,ESCALATE,Intent is unclear or sensitive; Historical similarity is below safety threshold,Thank you for contacting AmazonHelp. Your request needs further assistance from our support team. A support agent will review your issue and help you shortly.,Merci de me nous communiquer le numéro de commande via le lien suivant : .,1739874
2756089,Were you just asking for the sake of asking? #SameSame,"@771384 We'd like a chance to look into this with you, submit carrier feedback on your behalf, and review our available options. Please reach out to us by phone or chat here: https://t.co/hApLpMlfHN ^WT",customer_service,Poor,ESCALATE,Customer demands a clear resolution timeline.,other,0.3286,ESCALATE,Intent is unclear or sensitive; Historical similarity is below safety threshold; Intent mismatch with historical example; Retrieved historical reply is incomplete or unsafe,Thank you for contacting AmazonHelp. Your request needs further assistance from our support team. A support agent will review your issue and help you shortly.,I understand your concern. We'd like to look into this issue. Please drop your details here: and we’ll contact you soon.,2604861
2078452,I am Frustrated. I pre-ordered @74818 physical PC copy in 2016. Not avail... tried to change to digital and taking 1-2 Days,@614719 I'm sorry! Is this the item you're referring to: https://t.co/ErvqlYLstG? Was a refund issued for the physical copy? ^SB,customer_service,Good,AUTO_HANDLE,Customer asks about the channel for receiving updates.,order,0.1913,ESCALATE,Historical similarity is below safety threshold; Intent mismatch with historical example,Thank you for contacting AmazonHelp. Your request needs further assistance from our support team. A support agent will review your issue and help you shortly.,Hey there! Let's take a look at this link to answer your concerns about changing the address: Thanks!,218116
1095848,It says it was delivered yesterday.,@378604 Oh no! Here's some info on what to do when a package is marked delivered but you haven't received it: https://t.co/M0zQJam0gV ^CN,delivery,Poor,ESCALATE,Customer wants a definite delivery date rather than generic information.,other,0.8438,ESCALATE,Intent is unclear or sensitive,Thank you for contacting AmazonHelp. Your request needs further assistance from our support team. A support agent will review your issue and help you shortly.,Thanks for the update! We'd like to look into this with you in real time. Please reach out to us via phone or chat here,2744203
797485,Que la commande serait envoyée dans un carton et non une enveloppe craft...,"@310136 Je comprends parfaitement votre frustration, nous ne manquerons pas de remonter cet incident et désolée encore une fois ^FT",return,Acceptable,ESCALATE,Returned item has been received but processing is delayed.,other,0.2933,ESCALATE,Intent is unclear or sensitive; Historical similarity is below safety threshold,Thank you for contacting AmazonHelp. Your request needs further assistance from our support team. A support agent will review your issue and help you shortly.,"Je vous invite à patienter jusqu'à 20h00 aujourd’hui. en cas de non-livraison, n'hésitez pas à nous tenir informé.",1432353
2312710,That would happen if AMEX was charged but it never was. I just got off the phone with a amazon rep and she said there is no authorization,@333030 Have you been able to contact your card's bank to see when the points will refresh and show up on your Amazon account? ^FR,product_issue,Acceptable,ESCALATE,Kindle Unlimited books are not syncing to the device.,refund_payment,0.3977,ESCALATE,Intent is unclear or sensitive; Historical similarity is below safety threshold; Intent mismatch with historical example,Thank you for contacting AmazonHelp. Your request needs further assistance from our support team. A support agent will review your issue and help you shortly.,Oh no! What options were provided to you when talking with us?,2867101
416733,"hello! I'm using a Samsung TV all other apps work but amazon doesn't load. Tried to refresh internet, no luck!",@214417 If you get in touch we'll see if we can go through some trouble-shooting: https://t.co/JzP7hlA23B. ^BM,account_login,Acceptable,ESCALATE,Customer reports loss of access to inventory.,other,0.2313,ESCALATE,Intent is unclear or sensitive; Historical similarity is below safety threshold,Thank you for contacting AmazonHelp. Your request needs further assistance from our support team. A support agent will review your issue and help you shortly.,"Hey Dana, I'm sorry you're still having trouble. Try speaking with our phone support for review:",806316
2388940,No it just changes the dates! No reason,"@688279 Hi, apologies for any disappointment, delays should be rare. Please keep us posted on your next deliveries &amp; let us know if there are issues. ^TS",customer_service,Good,AUTO_HANDLE,Customer completed the requested step and is waiting for contact.,other,0.5088,ESCALATE,Intent is unclear or sensitive; Historical similarity is below safety threshold; Retrieved historical reply is incomplete or unsafe,Thank you for contacting AmazonHelp. Your request needs further assistance from our support team. A support agent will review your issue and help you shortly.,We'd like to look into our options with you. Please reach out to us by phone or chat here:,233139
1095957,@378626 j ai exactement le même problème avec seul Firefox 56 en allant sur amazon.de et/ou .fr SEC_ERROR_OCSP_INVALID_SIGNING_CERT,@378627 Désolée pour cela. Pouvez-vous vérifier avec un autre navigateur SVP? ^SM,customer_service,Acceptable,AUTO_HANDLE,Customer requests a website update.,other,0.3257,ESCALATE,Intent is unclear or sensitive; Historical similarity is below safety threshold,Thank you for contacting AmazonHelp. Your request needs further assistance from our support team. A support agent will review your issue and help you shortly.,vous pouvez envoyer juste un e mail en anglais au SAV d'Amazon.de via le lien suivant : Merci,294710
1271553,"yeah, i did. how long will the trial last? and can i sign out and have my mother sign in with different info since we share an amazon prime membership already",@221898 The Prime trial lasts 30-days from the day you sign up. You are able to sign out and have another account sign in! Please let us know if you have any other questions! We are here to help! ^AD,delivery,Poor,ESCALATE,Guaranteed delivery date was missed with no new date.,prime,0.2981,ESCALATE,Historical similarity is below safety threshold; Intent mismatch with historical example,Thank you for contacting AmazonHelp. Your request needs further assistance from our support team. A support agent will review your issue and help you shortly.,I'm sorry you can't sign in! Have you tried resetting your password? For more information:,47898
457718,They said that they were not able to do anything as they cannot call the drivers or contact them so they forwarded my message to some department which we both know will never fix anything. I am very disappointed as I needed my package today which is why I have prime!!!,@223699 Thank you for the information. Can you confirm for us the carrier that was set to deliver the order here: https://t.co/q4LAMZ3tbE? ^GG,return,Acceptable,ESCALATE,Return has been received but not processed.,prime,0.231,ESCALATE,Historical similarity is below safety threshold; Intent mismatch with historical example; Retrieved historical reply is incomplete or unsafe,Thank you for contacting AmazonHelp. Your request needs further assistance from our support team. A support agent will review your issue and help you shortly.,Here: and we'll review it and reach out to you. Appreciate your patience. 2/2,837097
379805,"What is the point of Amazon Prime!? I ordered something yesterday, it GUARANTEED it'd be here today. Now it's saying tomorrow.","@206103 Hi, sorry to hear that, is there more info about the delay available in the tracking: https://t.co/aaDyEz1VgE? ^JJ",other,Good,AUTO_HANDLE,Casual positive comment with no support issue.,order,0.2938,ESCALATE,Historical similarity is below safety threshold; Intent mismatch with historical example,Thank you for contacting AmazonHelp. Your request needs further assistance from our support team. A support agent will review your issue and help you shortly.,"Because we aren't able to access your account with Twitter, this will allow us to reach out to you and help the best we can.",629506
449936,Hiya. Yeah I have checked spam/junk and nothing there,"@221642 Thanks for checking, Carl. Please get in touch with us here: https://t.co/zH8UlhTGcc &amp; we'll check for an update for you. ^TS",account_login,Acceptable,ESCALATE,Customer reports access being denied.,other,0.362,ESCALATE,Intent is unclear or sensitive; Historical similarity is below safety threshold,Thank you for contacting AmazonHelp. Your request needs further assistance from our support team. A support agent will review your issue and help you shortly.,"Thanks for checking. We'd like to take another go at this with you. Using 's link, please reach us when you can.",1587295
42492,Just the standard one! https://t.co/N0Z5up8AEu,"@125389 Thanks for the info! Per the product description, it does state that this version comes with one of five poster designs. ^AL",product_issue,Acceptable,ESCALATE,Digital book synchronization is not working.,other,0.4994,ESCALATE,Intent is unclear or sensitive; Historical similarity is below safety threshold; Customer message is too short or vague,Thank you for contacting AmazonHelp. Your request needs further assistance from our support team. A support agent will review your issue and help you shortly.,Could you confirm if you've shared your details in the link provided earlier?,1085066
1073770,..My order was not delivered citing reasons location could not be tracked..You have delivered more than 100 orders to me,@373357 here: https://t.co/GIJyeYqKE0 and I'll look into this for you. (2/2)^SQ,product_issue,Good,AUTO_HANDLE,Customer is asking/being guided about Trade-In eligibility.,order,0.2912,ESCALATE,Historical similarity is below safety threshold,Thank you for contacting AmazonHelp. Your request needs further assistance from our support team. A support agent will review your issue and help you shortly.,We advise customers to avoid posting personal information via a public forum. Get in touch via,2618104
230068,"C'est bon, vu avec colis privé, mais pas cool ce retard...surtout avec l'abonnement prime. Bonne journée","@170819 Entendu, je vous réitère mes excuses à ce sujet. Nous restons à disposition en cas de besoin ^KD",order,Acceptable,ESCALATE,Customer identifies the seller for an order.,prime,0.2564,ESCALATE,Historical similarity is below safety threshold; Intent mismatch with historical example,Thank you for contacting AmazonHelp. Your request needs further assistance from our support team. A support agent will review your issue and help you shortly.,"Bonsoir, avez-vous une commande en retard actuellement ? Que dit le suivi de votre colis ?",1541002
1594648,"Ok, I got an email, replied &amp; I still have no answer as to when I will get my package. I don't want to shop with Amazon again.",@490013 When did you send the email? What is the latest update on the tracking?^CD,order,Good,AUTO_HANDLE,Customer confirms an order was placed.,other,0.2844,ESCALATE,Intent is unclear or sensitive; Historical similarity is below safety threshold,Thank you for contacting AmazonHelp. Your request needs further assistance from our support team. A support agent will review your issue and help you shortly.,"Julien, remember you can contact us by chat, e-mail or phone, through the link we provided you before",1449033
637314,"Thank you for clarifying. It was sold and shipped by Amazon, so that answers it. I just wanted to make sure I wouldn't have to eat a chunk of the cost before I opened the box. This is the first time I've had packing problems from Amazon so I didn't know what to expect. Thank you.","@271114 Of course! Let us know if you need any further help. We're here for you! Also, we're always looking for new ways to improve. If you'd like, please help us by sharing your packaging experience with us here: https://t.co/XuxSAQZ66E. Thanks in adavance! ^KJ",refund_payment,Poor,ESCALATE,Refund amount does not match the product price.,delivery,0.266,ESCALATE,Historical similarity is below safety threshold; Intent mismatch with historical example; Customer message is too short or vague,Thank you for contacting AmazonHelp. Your request needs further assistance from our support team. A support agent will review your issue and help you shortly.,You're most welcome.,431079
1689448,"Ordered USB cable for delivery today, now saying I'll get it b/t Dec 27th &amp; Feb 8th. That's fairly useless. What's going on?",@316653 Oh my! I'm sorry for the wait! Was this item sold by us or by one of our sellers? https://t.co/Y5jpI9gRhE ^MH,delivery,Poor,ESCALATE,Customer reports repeated delivery failures and delays.,delivery,0.2813,ESCALATE,Historical similarity is below safety threshold; Intent mismatch with historical example; Retrieved historical reply is incomplete or unsafe,Thank you for contacting AmazonHelp. Your request needs further assistance from our support team. A support agent will review your issue and help you shortly.,Oh no! I'm sorry about the trouble! Will you confirm the carrier for your order here:,717175
2392618,"I already tried to cancel it; I got an email telling me it couldn't be done. I'm confused as to why, since it was not a third party listing, it was 100% amazon according to the order details.",@688997 It may be that it is too far in the dispatch process to be cancelled? ^MC,delivery,Acceptable,ESCALATE,Customer requests clarification about a pending date.,order,0.2653,ESCALATE,Historical similarity is below safety threshold; Intent mismatch with historical example; Retrieved historical reply is incomplete or unsafe,Thank you for contacting AmazonHelp. Your request needs further assistance from our support team. A support agent will review your issue and help you shortly.,Thank you for confirming. Please contact us directly here:,374531
2558513,Amazon looted our hard earned money. Investigation team doing nothing instead of assistance they denying for every needed resolution,@726322 We've responded to your concern here: https://t.co/HKzixI2411 Do keep us posted for any further assistance. ^BA,delivery,Poor,ESCALATE,Customer is demanding a definite delivery/resolution date.,other,0.3453,ESCALATE,Intent is unclear or sensitive; Historical similarity is below safety threshold,Thank you for contacting AmazonHelp. Your request needs further assistance from our support team. A support agent will review your issue and help you shortly.,Hey! I'm unable to comprehend your concern. Could you please elaborate so that we can assist you accordingly?,1883128
545804,None of these options allow me to cancel the order due to delivery failure by @115817. I will dispute the charges via the the credit card company instead.,"@246893 Since your order has shipped, you won't have the option to cancel the order. We can however, look into return options with you at the link provided. You can also refuse the shipment when a delivery attempt is made. ^VS",customer_service,Good,AUTO_HANDLE,Customer asks how they will receive an update.,delivery,0.2335,ESCALATE,Historical similarity is below safety threshold; Intent mismatch with historical example,Thank you for contacting AmazonHelp. Your request needs further assistance from our support team. A support agent will review your issue and help you shortly.,Great! Please let us know is there's anything else we can help you with. 😊,426646
342947,Gracias por su atención,"@155891 Con mucho gusto, recuerda que estamos a tu disposición siempre que lo necesites. ^HC",customer_service,Poor,ESCALATE,Customer is dissatisfied with unclear automated communication.,other,0.7909,ESCALATE,Intent is unclear or sensitive; Customer message is too short or vague,Thank you for contacting AmazonHelp. Your request needs further assistance from our support team. A support agent will review your issue and help you shortly.,"Lamento este inconveniente. ¿Podrías informarme si estás ingresando el código (BUENFIN2017) sin hacer copy-paste, en la sección ""Revisar Pedido""? ^Andrea V",2621055
1718681,J ai tenté de contacter Colis Privé ... c est dommage d acheter sur Amazon avec une garantie de livraison le jour de la sortie ... et,@520360 Le mieux serait de le signaler à l'équipe en charge via ce lien  https://t.co/hgIrz98cdI ^SN,return,Acceptable,ESCALATE,Return processing is delayed.,other,0.4406,ESCALATE,Intent is unclear or sensitive; Historical similarity is below safety threshold,Thank you for contacting AmazonHelp. Your request needs further assistance from our support team. A support agent will review your issue and help you shortly.,Est-ce que le colis a déjà été expédié ? Que dit votre suivi ?,1881682
1119134,"Heights of support. Tollfree never works it says, if you have any issues use our app #nolivechat #callsupport #pathetic #lost https://t.co/Bi8TnffsDa","@384053 Apologiess. Have we missed the estimated date? You can check it here: https://t.co/pYHdlcj0Ot, keep us posted. ^HR",product_issue,Acceptable,ESCALATE,Kindle Unlimited content is not synchronizing.,customer_service,0.2879,ESCALATE,Intent is unclear or sensitive; Historical similarity is below safety threshold; Intent mismatch with historical example,Thank you for contacting AmazonHelp. Your request needs further assistance from our support team. A support agent will review your issue and help you shortly.,Kindly share your details via the above link and we'll check this for you.,483775
1105062,3 days over my problem not resolved,@324801 Could you please confirm if you've contacted us from the link given earlier by 'SH'? ^ZH,customer_service,Poor,ESCALATE,Problem remains unresolved after three days.,other,0.3663,ESCALATE,Intent is unclear or sensitive; Historical similarity is below safety threshold; Intent mismatch with historical example; Retrieved historical reply is incomplete or unsafe,Thank you for contacting AmazonHelp. Your request needs further assistance from our support team. A support agent will review your issue and help you shortly.,Sorry to hear that. We'll be happy to look into that for you. Please reach out to us here:,1604529
2862056,"Yes, I know how to track my own order. It says arriving today by 8pm (2 hours from now). No delay notification. There is no tracking or carrier *because it hasn't shipped*, as I previously stated. Your prior tweets say to rely on the delivery date at checkout, which is today.",@795075 I'm sorry for any concern this has caused. Some items can ship and deliver the same day. Please let us know if you don't receive your order by 8pm. ^SG,delivery,Poor,ESCALATE,Order has not shipped despite today's promised delivery date.,delivery,0.301,ESCALATE,Historical similarity is below safety threshold; Intent mismatch with historical example; Retrieved historical reply is incomplete or unsafe,Thank you for contacting AmazonHelp. Your request needs further assistance from our support team. A support agent will review your issue and help you shortly.,"Thank you. If it doesn't arrive by Monday, or for direct assistance, please reach us here:",335232
338589,do you plan on a better system for shipping? My UPS guy always comes when I am not there &amp; every Amazon locker I select is full.,@196826 I'm so sorry for the troubling experience. Is this regarding a current order shown here: https://t.co/Y5jpI9gRhE? ^AG,delivery,Acceptable,ESCALATE,Customer has repeated delivery and locker availability problems.,delivery,0.1822,ESCALATE,Historical similarity is below safety threshold; Intent mismatch with historical example,Thank you for contacting AmazonHelp. Your request needs further assistance from our support team. A support agent will review your issue and help you shortly.,"I'm sorry it's showing as full. Is the item a Release-Date Delivery item? If so, it won't be eligible to ship to an Amazon Locker:",2443972
2956990,I have called customer service three times and nobody can give me any information at all,@816246 I understand your concern. We are here to help!  Packages can arrive as late as 21:00. Please keep us updated on the arrival. ^SC,customer_service,Poor,ESCALATE,Customer received no useful information after multiple calls.,customer_service,0.3006,ESCALATE,Intent is unclear or sensitive; Historical similarity is below safety threshold; Intent mismatch with historical example; Retrieved historical reply is incomplete or unsafe,Thank you for contacting AmazonHelp. Your request needs further assistance from our support team. A support agent will review your issue and help you shortly.,can you get in touch with us here: we'll look into it for you,1439111
2886610,@121294 Today I had visited lg's service center related to my phone's battery issue and they had said that the battery is not new and they refused to change it for free I don't know who is responsible amazon or LG but i want it to be replaced to free or ill sue.,"@658579 I apologize for the experience you had, Naved.  Allow our support team to look into this. You can connect with us here: https://t.co/R3EfhzgU8B ^NK",product_issue,Poor,ESCALATE,Customer reports a defective or previously used phone battery and requests replacement.,delivery,0.2045,ESCALATE,Historical similarity is below safety threshold; Intent mismatch with historical example,Thank you for contacting AmazonHelp. Your request needs further assistance from our support team. A support agent will review your issue and help you shortly.,Thank you for bringing this to our notice. We have escalated this and we are working on it.,320620
2945538,When I was shopping for the item (on Monday) it said have this item by 11/29. After order completion it gave me a date of Dec1. 🤔,@813627 So sorry for the delay! Some items can take a little longer to process than others. Two-day shipping is 2 business days after the item has been dispatched. Your email confirmation is has the best delivery estimate. ^AD,delivery,Acceptable,ESCALATE,Delivery estimate changed after the order was placed.,product_issue,0.3208,ESCALATE,Historical similarity is below safety threshold; Intent mismatch with historical example,Thank you for contacting AmazonHelp. Your request needs further assistance from our support team. A support agent will review your issue and help you shortly.,I'm sorry to hear that. Have you received your order now?,69606
429002,I don't wanna fill again it's final first refund and compensation than return got it @115851,"@158494 Sorry for the disappointment. Please revert to the email you've received from our team or re-submit the details, we'll get back. ^KA",return,Poor,ESCALATE,"Customer disputes having to repeat information and refers to refund, compensation and return.",refund_payment,0.312,ESCALATE,Intent is unclear or sensitive; Historical similarity is below safety threshold; Intent mismatch with historical example,Thank you for contacting AmazonHelp. Your request needs further assistance from our support team. A support agent will review your issue and help you shortly.,Hope your issue is resolved. Please feel free to get back to us for further concerns.,2319767
2868330,And all this after begging and pleading to approx. 10 of your executives to help me in an urgency. Wow! I am sure nobody must have even noted why I was persisting so much for an early delivery - especially when I had paid for an early delivery.,"@543168 I can understand how upsetting it can be when an order is delayed. However, as informed earlier the replacement products will be delivered using standard shipping speed. So I request you to wait until the estimated time frame. ^SC",delivery,Poor,ESCALATE,Customer paid for early delivery but still experienced a delay despite repeated support contacts.,delivery,0.2767,ESCALATE,Historical similarity is below safety threshold; Retrieved historical reply is incomplete or unsafe,Thank you for contacting AmazonHelp. Your request needs further assistance from our support team. A support agent will review your issue and help you shortly.,I'm sorry for the frustration. We'd like to look into this. Please reach out here:,910262
1823891,"I give in - second consecutive order Amazon has screwed up, I've spent time trying to fix, then Amazon's failed to do what it said it would.","@134059 I'm sorry to hear we didn't meet your expectations. Without giving account &amp; personal info, can give info about the situation? ^MW",order,Poor,ESCALATE,Customer reports repeated order problems and failed resolution.,order,0.2528,ESCALATE,Historical similarity is below safety threshold; Intent mismatch with historical example; Retrieved historical reply is incomplete or unsafe,Thank you for contacting AmazonHelp. Your request needs further assistance from our support team. A support agent will review your issue and help you shortly.,Is your item being shipped by a third-party seller or Amazon directly? You can find that here:,2687668
2767593,Et aussitôt racheté une coque à la bonne taille 😊,@668416 Bonne reception 😉,product_issue,Good,AUTO_HANDLE,Customer says they bought the correctly sized replacement and appears satisfied.,other,0.5118,ESCALATE,Intent is unclear or sensitive; Historical similarity is below safety threshold,Thank you for contacting AmazonHelp. Your request needs further assistance from our support team. A support agent will review your issue and help you shortly.,Votre commande a-t-elle été expédiée ? Que dit le suivi de votre colis ?,388830
2418084,Twice. The packages are in order from left to right. The third wasn't as bad but was still damaged from poor protection.,@694839 Have you spoken with our real-time customer support to see if they have any other options available? ^MJ,product_issue,Poor,ESCALATE,Customer reports multiple packages/items damaged due to poor protection.,order,0.1694,ESCALATE,Historical similarity is below safety threshold; Intent mismatch with historical example,Thank you for contacting AmazonHelp. Your request needs further assistance from our support team. A support agent will review your issue and help you shortly.,Request you to self return the order. Appreciate your understanding.,2570145
2139345,After 4 calls to amazon I have no hope that I will receive a call back. Please start investigation immediately. General sale tomorrow,@629144 Pls fill out this secure form Sian and a specialist will look into this for you https://t.co/tkLCr7DNil ^KM,customer_service,Poor,ESCALATE,Multiple support calls have not resulted in a callback and customer requests investigation.,other,0.2539,ESCALATE,Intent is unclear or sensitive; Historical similarity is below safety threshold; Retrieved historical reply is incomplete or unsafe,Thank you for contacting AmazonHelp. Your request needs further assistance from our support team. A support agent will review your issue and help you shortly.,I'm sorry for the delay. Kindly drop in your details here: &amp; we'll reach out to you at the earliest.,1258247
806327,Yeah my package was suppose to arrive yesterday by 9pm now it says it might not come until tomorrow,"@312151 Sometimes delays can happen, but we want to make sure you receive your order! Let us know if it doesn't arrive by tomorrow! ^ME",delivery,Acceptable,ESCALATE,Package missed the expected delivery time and was delayed to tomorrow.,other,0.4199,ESCALATE,Intent is unclear or sensitive; Historical similarity is below safety threshold,Thank you for contacting AmazonHelp. Your request needs further assistance from our support team. A support agent will review your issue and help you shortly.,This is not what you would normally expect from us. When you check the tracking info can you see which carrier is handling this?,2599690
1278142,"AMZL . As in, AMaZinglyLate.",@419110 We'd like to look into this with you. Please provide your contact info here: https://t.co/PjBwzSoQSC &amp; we'll be in touch. ^LB,delivery,Poor,ESCALATE,Customer complains about late delivery service.,other,0.5156,ESCALATE,Intent is unclear or sensitive; Historical similarity is below safety threshold; Customer message is too short or vague; Retrieved historical reply is incomplete or unsafe,Thank you for contacting AmazonHelp. Your request needs further assistance from our support team. A support agent will review your issue and help you shortly.,We´d like to take a closer look at this. Please provide us with more details here:,1308048
437980,vous avez intérêt à m'en réexpédier un autre pcq vu l'état le disque dur il tiendra pas 1 an,"@219048 Bonjour, désolée d'apprendre cela :/ le mieux serait de contacter notre SAV via ce lien  https://t.co/hgIrz98cdI ^SN",product_issue,Poor,ESCALATE,Customer reports the product is in poor condition and requests a replacement.,other,0.3588,ESCALATE,Intent is unclear or sensitive; Historical similarity is below safety threshold,Thank you for contacting AmazonHelp. Your request needs further assistance from our support team. A support agent will review your issue and help you shortly.,Vous serez contacter par ma collègue en charge de votre demande !,2200783
1953386,I just dont understand how i get instantly charged the money comes straight out yet i have to wait upto a week for the money back! I still don't know if the refund has been issued,@579937 How did they confirm the refund? The time advised would also include Bank processing time. ^PK,refund_payment,Poor,ESCALATE,Customer is concerned about delayed refund processing after immediate payment.,refund_payment,0.2181,ESCALATE,Intent is unclear or sensitive; Historical similarity is below safety threshold,Thank you for contacting AmazonHelp. Your request needs further assistance from our support team. A support agent will review your issue and help you shortly.,Did we mention when the refund was issued? It typically takes about 3-5 business days to show up on your statement.,2343922
785801,Ok I will try it. Thx,@307482 No problem. ^KM,other,Good,AUTO_HANDLE,Customer acknowledges the suggested solution positively.,other,0.5595,ESCALATE,Intent is unclear or sensitive; Customer message is too short or vague,Thank you for contacting AmazonHelp. Your request needs further assistance from our support team. A support agent will review your issue and help you shortly.,Thanks. Keep us updated,1245902
511705,"It was a Prime eligible item. Ordered it yesterday, given Monday 04/12 as the soonest prime delivery option.","@237639 During this busy time we have extended slightly the delivery window for some Prime eligible items. We appreciate your patience with us, Dave.^SM",prime,Good,AUTO_HANDLE,Customer is confirming the available Prime delivery timeframe.,delivery,0.3229,ESCALATE,Historical similarity is below safety threshold,Thank you for contacting AmazonHelp. Your request needs further assistance from our support team. A support agent will review your issue and help you shortly.,Could we please share with us the tracking number of this delivery so we can escalate this matter ?,553375
2961723,@116324 have meant to pick up a package two days in a row now to return to you. Despite their promises they haven’t turned up on either day. What’s worse is that they only said the delivery would be between 8am and 8pm so we’ve been stuck inside all day,"@221314 I'm very sorry for the poor experience! Whenever you have a chance, reach out to us here: https://t.co/JzP7hlA23B We'd be happy to look into this with you in real-time! ^SK",return,Poor,ESCALATE,Scheduled return pickup failed twice and caused significant inconvenience.,delivery,0.2201,ESCALATE,Historical similarity is below safety threshold; Intent mismatch with historical example,Thank you for contacting AmazonHelp. Your request needs further assistance from our support team. A support agent will review your issue and help you shortly.,"Allow us to take a look into this with you. To do so, please use this link:",411891
2406909,I replied long back,@692195 Thanks for the heads up. We'll check this and get back with an update. Keep an eye on your mailbox. ^YP,customer_service,Acceptable,ESCALATE,Customer says they already replied and is waiting for follow-up.,other,0.6526,ESCALATE,Intent is unclear or sensitive; Customer message is too short or vague,Thank you for contacting AmazonHelp. Your request needs further assistance from our support team. A support agent will review your issue and help you shortly.,We haven't received your details yet. Kindly share your details again so we can look into the issue and get back to you.,689460
141097,@115821 @1402 @8105 @1840 . Should i take a snap of ur email and post it? Everyone in Amazon speaks same lang? Do u guys bought any template or what? By the way the email i got is neither a resolution nor answer. Come to the topic. stop templating,@147589 I'm sorry but the resolution provided by our team was the best we could offer. Kindly reply to the latest correspondence from our team for further assistance. ^GD,customer_service,Poor,ESCALATE,Customer says the support response is templated and does not answer the issue.,other,0.4017,ESCALATE,Intent is unclear or sensitive; Historical similarity is below safety threshold,Thank you for contacting AmazonHelp. Your request needs further assistance from our support team. A support agent will review your issue and help you shortly.,I get that you are concern about the refund. Kindly reply to the email sent to you by our team with further insight for us to help you.,140022
2260810,It’s next day delivery and when I signed in today its saying my orders are delayed after already apparently being dispatched to the carrier from two different locations.,"@377094 While it's rare, delays can occur. Have you been given a new expected delivery date? ^AC",delivery,Poor,ESCALATE,Next-day delivery order has been delayed after dispatch.,delivery,0.2321,ESCALATE,Historical similarity is below safety threshold; Intent mismatch with historical example,Thank you for contacting AmazonHelp. Your request needs further assistance from our support team. A support agent will review your issue and help you shortly.,Kindly click on 'an order I placed' &gt; select an issue and connect with our support team via email/chat.,814317
107313,La spedizione è stata fatta da Amazon,@139835 Grazie per il riscontro. Contatta i colleghi del Servizio Clienti da qui: https://t.co/jrFo5bLIbk per ricevere assistenza. Restiamo a disposizione! ^PS,delivery,Good,AUTO_HANDLE,Customer confirms the shipment was made by Amazon.,other,0.5089,ESCALATE,Intent is unclear or sensitive; Historical similarity is below safety threshold,Thank you for contacting AmazonHelp. Your request needs further assistance from our support team. A support agent will review your issue and help you shortly.,Hai contattato il Servizio Clienti? I miei colleghi sono a tua disposizione; clicca qui:,295781
2877745,"No, all he needed to do was scan the qr code &amp; put the label on but he made it such hard work, said he was too busy with other paperwork, not my problem! So just walked out, felt as though my business wasn’t valued! This was at Smisby news in Ashby de la Zouch",@798780 We'd like to speak with you about this to get to the bottom of it! Please reach out to us via phone or chat here: https://t.co/JzP7hlA23B. ^DG,return,Poor,ESCALATE,Customer reports a poor experience while trying to complete a return.,other,0.2142,ESCALATE,Intent is unclear or sensitive; Historical similarity is below safety threshold; Intent mismatch with historical example; Retrieved historical reply is incomplete or unsafe,Thank you for contacting AmazonHelp. Your request needs further assistance from our support team. A support agent will review your issue and help you shortly.,"We'd like to have a member of our team look into this for you. Please provide as much info as possible, here:",663788
1437381,you have let me down bigtime. Message sent.,@453673 Sorry to hear that. Have you spoken to someone over the phone? ^RS,customer_service,Poor,ESCALATE,Customer expresses strong dissatisfaction with support.,other,0.4044,ESCALATE,Intent is unclear or sensitive; Historical similarity is below safety threshold; Intent mismatch with historical example; Retrieved historical reply is incomplete or unsafe,Thank you for contacting AmazonHelp. Your request needs further assistance from our support team. A support agent will review your issue and help you shortly.,Oh no! I'm sorry for the wait! Will you tell us who the carrier is for your order here:,902196
2874076,Amazon shipping is all I have,@791507 Thank you. And have your packages been delivered now. What does the tracking currently say? ^KK,delivery,Acceptable,ESCALATE,Customer's message concerns Amazon shipping but lacks enough detail for resolution.,delivery,0.5279,ESCALATE,Historical similarity is below safety threshold; Intent mismatch with historical example; Retrieved historical reply is incomplete or unsafe,Thank you for contacting AmazonHelp. Your request needs further assistance from our support team. A support agent will review your issue and help you shortly.,In this case it would be best for us to assist you directly. Please reach out to us here:,2582995
589988,"hi Amazon! I am a prime member in the UK, and I want to buy Christmas presents for my family in Australia. Can I use the UK Amazon shop for that or do I have to switch to the AU store?",@259503 Hi there! You can use whichever site you prefer. Your login information for one site will work for all Amazon sites (but your Prime membership doesn't carry over). I would suggest checking the prices and shipping charges on each site before making your decision. ^SP,prime,Good,AUTO_HANDLE,Customer asks about using a UK account/site for purchases in Australia and Prime coverage.,prime,0.2772,ESCALATE,Historical similarity is below safety threshold; Intent mismatch with historical example; Retrieved historical reply is incomplete or unsafe,Thank you for contacting AmazonHelp. Your request needs further assistance from our support team. A support agent will review your issue and help you shortly.,"Hey, please see our help page here:",578402
226307,Last time tweeted this was the typical reply gave. And after registration of complaint the reply you have on mail is different,"@170029 In this case, please revert to our email correspondence for further assistance on this. ^HK",customer_service,Poor,ESCALATE,Customer reports inconsistent responses between Twitter and email support.,other,0.2877,ESCALATE,Intent is unclear or sensitive; Historical similarity is below safety threshold,Thank you for contacting AmazonHelp. Your request needs further assistance from our support team. A support agent will review your issue and help you shortly.,Apologies. If you get in contact with us we'll be happy to help.,1766896
111814,"To answer your question, the order hadn’t been shipped. This was maybe 1 hour or so after the order was placed.","@140835 Once an order is being prepared for shipment, we are unable to alter the order in any way. ^ZW",order,Acceptable,ESCALATE,Customer discusses an order that had not yet shipped and implies an order-change issue.,order,0.3593,ESCALATE,Historical similarity is below safety threshold; Retrieved historical reply is incomplete or unsafe,Thank you for contacting AmazonHelp. Your request needs further assistance from our support team. A support agent will review your issue and help you shortly.,"Our team is unable to access your account/orders here on Twitter, we're happy to assist directly here:",827434
801688,Thanks! Heavy demand i perfectly understand. What i fail to understand is ppl who requested an invite much later have received them whereas😔,@311031 I request you to please wait and keep an eye on your emails. Invitations will be sent soon. ^NR,other,Acceptable,ESCALATE,Customer is concerned about not receiving an invitation despite later applicants receiving one.,other,0.2534,ESCALATE,Intent is unclear or sensitive; Historical similarity is below safety threshold,Thank you for contacting AmazonHelp. Your request needs further assistance from our support team. A support agent will review your issue and help you shortly.,We're keeping our fingers crossed here and honestly hope that you get what you wish for. Apart from echo what else is in your wish list ?,2414433
986091,Yeah I got some headphones on the way so hopefully they are actually headphones 😂😂,"@353700 Ok, let us know anyway if you have any more problems. ^KM",order,Good,AUTO_HANDLE,Customer confirms headphones are on the way and makes a lighthearted comment.,other,0.2838,ESCALATE,Intent is unclear or sensitive; Historical similarity is below safety threshold,Thank you for contacting AmazonHelp. Your request needs further assistance from our support team. A support agent will review your issue and help you shortly.,If you haven't received your items by 9pm Thursday please let us know.,2823151
322987,I paid extra for 1 day shipping so my package would arrive when needed. Now it may not arrive for 4 more days. What the heck!,"@192931 I'm sorry Jessica, please contact us here for help:  https://t.co/hApLpMlfHN ^AT",delivery,Poor,ESCALATE,Customer paid for one-day shipping but expects a major delay.,delivery,0.2504,ESCALATE,Historical similarity is below safety threshold,Thank you for contacting AmazonHelp. Your request needs further assistance from our support team. A support agent will review your issue and help you shortly.,I'm sorry for the wait! Have we missed the delivery date confirmed via e-mail: Who's the carrier?,1116567
1553846,i'm calling from ireland - i cannot connect to the number in that link.,"@480675 Since you can't contact us, let's contact you. Fill out this form: https://t.co/whNFPnGPjC We will be in touch. ^DA",customer_service,Acceptable,ESCALATE,Customer cannot reach support through the provided phone number.,other,0.2746,ESCALATE,Intent is unclear or sensitive; Historical similarity is below safety threshold,Thank you for contacting AmazonHelp. Your request needs further assistance from our support team. A support agent will review your issue and help you shortly.,"Please fill out the requested info for No. 1 &amp; 2 at the link provided, and then you can request a callback.",296767
2522243,I got a mail saying product is cancelled but on the site it still is in dispatched state. Can I know till when are you going to hold my money ? and who is going to pay for the interest ? shame on you @115821 @115851,@718351 I apologize for the delay in resolving your issue regarding the order cancellation. Please reply to the email sent to you by our team. We'll help you. ^PJ,refund_payment,Poor,ESCALATE,Cancelled order still shows dispatched and customer is concerned about withheld payment.,product_issue,0.2848,ESCALATE,Historical similarity is below safety threshold; Intent mismatch with historical example; Retrieved historical reply is incomplete or unsafe,Thank you for contacting AmazonHelp. Your request needs further assistance from our support team. A support agent will review your issue and help you shortly.,provided above so that we can assist you accordingly. (2/2),1499762
1680367,Unhappy with the quality of product,@393065 Apologies. You may reach out to our support team here: https://t.co/vlvfJr4nN9 and we’ll be glad to help you. ^NK,product_issue,Poor,ESCALATE,Customer directly complains about product quality.,product_issue,0.3621,ESCALATE,Historical similarity is below safety threshold; Retrieved historical reply is incomplete or unsafe,Thank you for contacting AmazonHelp. Your request needs further assistance from our support team. A support agent will review your issue and help you shortly.,You can create a return/replacement here: We will consider this as feedback &amp; pass it on internally.,831269
926655,Because of the AmzLogs delivery service there were many problems. On the phone 2x. Finally got. Size doesn't work &amp; no idea how to return.,@339877 Was the item purchased from https://t.co/nUUp5MLhYl or https://t.co/ykTUEmdsQA? ^LB,return,Poor,ESCALATE,Customer has delivery-related problems and does not know how to return the item.,return,0.24,ESCALATE,Historical similarity is below safety threshold; Intent mismatch with historical example; Retrieved historical reply is incomplete or unsafe,Thank you for contacting AmazonHelp. Your request needs further assistance from our support team. A support agent will review your issue and help you shortly.,You can find the carrier information by navigating here:,96635
2192386,Obviously I have used all your “help” channels to no avail. Even requesting for a refund just to end this waste of time. Write something that isn’t a pre written response. @115821 @115850 @115851,"@641708 I get you're upset. I'd like to take a closer look at this issue and help you, kindly share your details here: https://t.co/beaaDm0muc and I'll contact you soon. ^SY",customer_service,Poor,ESCALATE,Customer has exhausted support channels without resolution and is requesting refund.,customer_service,0.316,ESCALATE,Intent is unclear or sensitive; Historical similarity is below safety threshold; Intent mismatch with historical example; Retrieved historical reply is incomplete or unsafe,Thank you for contacting AmazonHelp. Your request needs further assistance from our support team. A support agent will review your issue and help you shortly.,"I can understand your urgency regarding the delivery. However, all the delivery estimates are calculated on multiple criteria so I request you to kindly wait till the estimated time frame and I'm positive that the order would be delivered. 1/2",524242
2884201,Your site must poll usps less frequently because you still say “by” end of the week. Manually running usps tracking on their site shows “out for delivery”,"@174500 Thanks for letting us know, Ron. Keep us posted if your order does not arrive today as per the tracking.^TI",delivery,Acceptable,AUTO_HANDLE,Customer reports a discrepancy between Amazon and USPS tracking information.,delivery,0.303,ESCALATE,Historical similarity is below safety threshold; Intent mismatch with historical example,Thank you for contacting AmazonHelp. Your request needs further assistance from our support team. A support agent will review your issue and help you shortly.,"Please do let us know if you'd like to report an issue on our website, we'd like to have it checked.",369196
1229723,Do you do trade in on this device? We're thinking of getting a new Fire 8. https://t.co/XrBFNadfEM,"@408416 I'm sorry, this model isn't currently eligible. You can locate eligible Trade-In items here: https://t.co/JMjPIFkhQg ^JM",product_issue,Good,AUTO_HANDLE,Customer asks whether the device is eligible for Trade-In.,other,0.2708,ESCALATE,Intent is unclear or sensitive; Historical similarity is below safety threshold; Intent mismatch with historical example,Thank you for contacting AmazonHelp. Your request needs further assistance from our support team. A support agent will review your issue and help you shortly.,"Hi Scott. When your trade-in is received and processed, you'll receive an email with further information and instructions.",1243364
2052174,Sold By: Costumes Anytime &amp; Party Supplies,"@376133 For return/replacement options, please click here: https://t.co/QdbmLg8Vs1 ^JA",order,Acceptable,ESCALATE,Customer identifies the third-party seller associated with the order.,other,0.6433,ESCALATE,Intent is unclear or sensitive,Thank you for contacting AmazonHelp. Your request needs further assistance from our support team. A support agent will review your issue and help you shortly.,Hmm. Let's take a look in real time with you to see what is going on with that:,2760377
665247,Hi! Oh I ordered it this morning! Thank you x,"@278536 Tickets will be sent 7 days before an event. If you haven't received them 5 days before, contact us: https://t.co/AunXwc3emh ^AF",order,Good,AUTO_HANDLE,Customer confirms the order was placed.,order,0.457,ESCALATE,Historical similarity is below safety threshold; Intent mismatch with historical example,Thank you for contacting AmazonHelp. Your request needs further assistance from our support team. A support agent will review your issue and help you shortly.,"So glad it arrived. If you need anything else, please reach out to us. We are here for you!",1378179
1030391,Refund is only processing for $13.09 and product was $19.99...spent over an hour dealing with this last night 😡,"@363790 I'm sorry for the frustration, we'd like to look into this with you. Please provide details here: https://t.co/IO7bkCQlAL ^JF",refund_payment,Poor,ESCALATE,Customer reports that the refund amount is less than the product price.,refund_payment,0.3162,ESCALATE,Intent is unclear or sensitive; Historical similarity is below safety threshold; Intent mismatch with historical example,Thank you for contacting AmazonHelp. Your request needs further assistance from our support team. A support agent will review your issue and help you shortly.,Have you tried contacting the seller to request cancellation? We'd like to help!,2679461
824093,if they're not leaving laptops on doorsteps unattended to get drenched they're consistently never meeting 2 day guarantee and are late :(,@184560 I'm very sorry to hear this! Is there a carrier in particular you're experiencing troubles with? We'd like to help. ^ST,delivery,Poor,ESCALATE,Customer reports repeated late and unsafe delivery experiences.,delivery,0.4128,ESCALATE,Historical similarity is below safety threshold; Intent mismatch with historical example,Thank you for contacting AmazonHelp. Your request needs further assistance from our support team. A support agent will review your issue and help you shortly.,"When you last spoke to us, what information or options were provided?",295807
180967,Please check the Date from which is pending https://t.co/7gqgOsctkP,@158507 We're sorry for the delay. Please share your details with us here: https://t.co/GIJyeYqKE0 and we'll help you. ^ZH,delivery,Acceptable,ESCALATE,Customer asks for clarification about a pending delivery date.,other,0.3172,ESCALATE,Intent is unclear or sensitive; Historical similarity is below safety threshold,Thank you for contacting AmazonHelp. Your request needs further assistance from our support team. A support agent will review your issue and help you shortly.,"Hi, we have responded to you via DM. Please refer.",380431
141059,Delay!! For how many days....???give the correct dste n time for it to resolve.... U cannot ask your customers to wait for a half a month or month...,@147817 Please reply to the email you've received from our team and we'll reach out to you. ^KA,delivery,Poor,ESCALATE,Customer is frustrated about a long delay and requests a definite resolution date.,other,0.2733,ESCALATE,Intent is unclear or sensitive; Historical similarity is below safety threshold,Thank you for contacting AmazonHelp. Your request needs further assistance from our support team. A support agent will review your issue and help you shortly.,We're currently working your concern. We'll contact you once we've an update. We'll be unable to share a definite timeline.,1343551
478475,Thank you. An update on twitter or email?,@134339 No problem. You'll be updated via email. ^TP,customer_service,Good,AUTO_HANDLE,Customer asks where the support update will be provided.,other,0.3969,ESCALATE,Intent is unclear or sensitive; Historical similarity is below safety threshold,Thank you for contacting AmazonHelp. Your request needs further assistance from our support team. A support agent will review your issue and help you shortly.,Not a problem. Let us know if you have any further issues.,2614017
1525058,What is this robot language.. ?? Give me date,"@473708 We don't have any announcement on this yet, do stay tuned to our website for further updates. ^SQ",delivery,Poor,ESCALATE,Customer wants a definite date instead of an unclear automated response.,other,0.3054,ESCALATE,Intent is unclear or sensitive; Historical similarity is below safety threshold; Retrieved historical reply is incomplete or unsafe,Thank you for contacting AmazonHelp. Your request needs further assistance from our support team. A support agent will review your issue and help you shortly.,team here: and we'll look into this. Use the chat/email option. (2/2),331640
1240421,"what I find odd is how they had my request for over 48 hours, ship it than say they can't cancel the order because they shipped it 5 minutes prior","@410947 Apologies, did you receive an email to say that the order was lost in transit? ^JJ",order,Poor,ESCALATE,Customer is upset that an order could not be cancelled after delayed processing.,delivery,0.2165,ESCALATE,Historical similarity is below safety threshold; Intent mismatch with historical example; Retrieved historical reply is incomplete or unsafe,Thank you for contacting AmazonHelp. Your request needs further assistance from our support team. A support agent will review your issue and help you shortly.,Apologies for the delay. We have responded to your concern here: Request you to check.,2393508
360713,Plz confirm the time. Bcz it is pending since 01 August 17,"@201415 I understand your concern, we are right on it! We'll get back to you soon with an update. ^PR",delivery,Poor,ESCALATE,Customer has been waiting for a long time and requests confirmation of timing.,other,0.2959,ESCALATE,Intent is unclear or sensitive; Historical similarity is below safety threshold,Thank you for contacting AmazonHelp. Your request needs further assistance from our support team. A support agent will review your issue and help you shortly.,Could you let us know if there was an issue while paying for the order?,249977
2126702,Muchas gracias por la información y pronta respuesta.,"@626218 De nada Juan, cualquier duda adicional o inconveniente, estamos aquí para ayudarte. ^DA",other,Good,AUTO_HANDLE,Customer thanks Amazon for the information and quick response.,other,0.6631,ESCALATE,Intent is unclear or sensitive,Thank you for contacting AmazonHelp. Your request needs further assistance from our support team. A support agent will review your issue and help you shortly.,Actualmente estos son los dispositvos compatibles:,1166758
2602236,I cant get to the site to even log in. https://t.co/gYEZwRqcrv,@736324 Definitely strange! Have you been able to reach the site from other devices? ^BL,account_login,Acceptable,ESCALATE,Customer cannot access the site to log in.,other,0.3286,ESCALATE,Intent is unclear or sensitive; Historical similarity is below safety threshold,Thank you for contacting AmazonHelp. Your request needs further assistance from our support team. A support agent will review your issue and help you shortly.,"I'm sorry for the trouble logging in. Are you using amazon.cn, or another website? Please keep us posted.",2288972
650063,"Yes. The one delivered to the wrong address, was dropped off at my house by the person who received it in error. The other two are MIA.",@274546 can you see order tracking on the order? https://t.co/Y5jpI9gRhE ^AS,delivery,Poor,ESCALATE,"Multiple packages have delivery problems, including wrong-address delivery and missing packages.",order,0.3563,ESCALATE,Historical similarity is below safety threshold; Retrieved historical reply is incomplete or unsafe,Thank you for contacting AmazonHelp. Your request needs further assistance from our support team. A support agent will review your issue and help you shortly.,"Oh no, Shae! That's certainly not what we want for our customers. We'd like to have a member of our team look into this for you. When you have a moment, please provide us with your order details here:",553305
205996,"But I was already given that option earlier. I emailed my concern, and got a reply that was totally off topic. I’m not sure anyone read it",@164791 The second link is a different form that you will need to fill in that goes straight to a specialist team. ^KM,customer_service,Poor,ESCALATE,Customer received an irrelevant response and says the issue was not properly handled.,other,0.2055,ESCALATE,Intent is unclear or sensitive; Historical similarity is below safety threshold; Retrieved historical reply is incomplete or unsafe,Thank you for contacting AmazonHelp. Your request needs further assistance from our support team. A support agent will review your issue and help you shortly.,That's a conceptional preference!! I'm quite curious to know how you wander with all this collection. Drive us some motivation here:,2317363
2287528,Who should I contact to find out how Amazon delivered the same package twice?,"@646519 Please use the link ^AM provided to reach us, and keep us posted on the outcome. ^JN",delivery,Acceptable,ESCALATE,Customer reports duplicate delivery and asks how to resolve or investigate it.,other,0.3015,ESCALATE,Intent is unclear or sensitive; Historical similarity is below safety threshold,Thank you for contacting AmazonHelp. Your request needs further assistance from our support team. A support agent will review your issue and help you shortly.,"I'm sorry Marcie, please keep us updated about this.",2390416
115808,"Hi, got a Fire Stick today but get the following error. I'm in UK and it's set to UK! Help https://t.co/6MLgBWfvQO",@141787 I'm sorry for the frustration! We're available to look into your account settings via phone or chat here: https://t.co/oGDklGgbCZ ^SJ,product_issue,Poor,ESCALATE,Fire Stick is showing an error despite correct regional settings.,customer_service,0.3338,ESCALATE,Intent is unclear or sensitive; Historical similarity is below safety threshold; Intent mismatch with historical example,Thank you for contacting AmazonHelp. Your request needs further assistance from our support team. A support agent will review your issue and help you shortly.,"As already mentioned, not all of our products can be shipped to Sweden.",2291179
314029,@115850 Please contact me; It's urgent!,@190973 Kindly get in touch with us here: https://t.co/Tg4omlblQN and we’ll be glad to help you. ^NS,customer_service,Acceptable,ESCALATE,Customer requests urgent support contact.,other,0.3697,ESCALATE,Intent is unclear or sensitive; Historical similarity is below safety threshold; Intent mismatch with historical example; Retrieved historical reply is incomplete or unsafe,Thank you for contacting AmazonHelp. Your request needs further assistance from our support team. A support agent will review your issue and help you shortly.,"We don't have access to account information via Twitter, but would like to help look into this here:",1749494
1456276,Do u think I'm fool tweeting here I tried dat by it's not helping m ...every agent give difrnt answer amazonpoorservice##pathetic##cheaters.,"@177048 If the details were shared, you must've received a correspondence from us. Please check and revert. We'll get back to you. ^HD",customer_service,Poor,ESCALATE,Customer tried the suggested solution without success and received inconsistent answers.,other,0.1931,ESCALATE,Intent is unclear or sensitive; Historical similarity is below safety threshold; Intent mismatch with historical example; Retrieved historical reply is incomplete or unsafe,Thank you for contacting AmazonHelp. Your request needs further assistance from our support team. A support agent will review your issue and help you shortly.,"Be assured, we've shared your comments with internal teams for review and to improve our services. (2/2)",16873
1306427,Are you callin me for this ? Please call me for more clarification on 9899955881,@425293 Please don't provide your order details as we consider it personal info. Our twitter page is visible to public.(2/2)^CB,customer_service,Acceptable,ESCALATE,Customer requests a call for clarification.,other,0.3537,ESCALATE,Intent is unclear or sensitive; Historical similarity is below safety threshold; Retrieved historical reply is incomplete or unsafe,Thank you for contacting AmazonHelp. Your request needs further assistance from our support team. A support agent will review your issue and help you shortly.,"We're unable to access your account details on Twitter. Kindly connect with our support team here: We'll assist you. Please don't provide your order details, as we consider it to be personal information. Our page is visible to the public.",644788
2850636,". I purchased a projector lightning deal around 0830 this morning and it still is not showing up in ""my orders"". Is this something to worry about?",@792651 Did you get a confirmation e-mail? You can check all communication from us here: https://t.co/IFzqxZIbJq You might also confirm that you are logged into the correct account. ^AF,order,Acceptable,ESCALATE,Recently purchased item is missing from the customer's order history.,order,0.2274,ESCALATE,Historical similarity is below safety threshold; Intent mismatch with historical example; Retrieved historical reply is incomplete or unsafe,Thank you for contacting AmazonHelp. Your request needs further assistance from our support team. A support agent will review your issue and help you shortly.,"Hi, Claire! I am sorry that you have had this issue several times recently. We want to help any way we can! Please reach out to us here:",2349611
1693578,Actually it's updated now for delivery tomorrow sorry lads will delete,@513958 No worries! Thanks for keeping us updated! ^WT,delivery,Good,AUTO_HANDLE,Customer confirms the delivery information has been updated and issue is resolved.,delivery,0.2405,ESCALATE,Historical similarity is below safety threshold; Intent mismatch with historical example,Thank you for contacting AmazonHelp. Your request needs further assistance from our support team. A support agent will review your issue and help you shortly.,Please tell us more about this issue you are encountering. We'd love to help!,2511623
